xh,jyzk
2012213477,1
2012210001,1
2012215888,1
2012210003,0
2012210257,1
2012212386,1
2012211599,1
2012210007,1
2012214832,1
2012214759,1
2012210010,1
2012210011,1
2012210012,1
2012210013,1
2012211241,1
2012210016,1
2012210017,1
2012210126,1
2012210019,1
2012210020,0
2012212041,1
2012210425,1
2012210023,1
2012210025,1
2012210026,1
2012212578,1
2012210028,0
2012210004,1
2012210034,1
2012210036,0
2012210037,1
2012210038,0
2012210039,1
2012215963,1
2012210042,1
2012210043,0
2012214685,1
2012213327,1
2012210894,1
2012214077,1
2012213211,1
2012210050,1
2012210051,0
2012214040,1
2012210053,0
2012210054,1
2012210055,0
2012210056,1
2012210058,1
2012210059,1
2012213777,1
2012210062,0
2012214989,1
2012210065,1
2012212959,1
2012210068,1
2012210069,0
2012211257,1
2012210071,1
2012210072,0
2012210073,1
2012213795,1
2012210075,0
2012210076,1
2012210079,0
2012213798,1
2012210081,1
2012214798,1
2012210083,1
2012210247,1
2012210085,0
2012210086,1
2012212581,1
2012210088,0
2012210089,1
2012214518,1
2012210091,0
2012210092,0
2012212898,1
2012214405,1
2012210095,1
2012210096,0
2012210097,0
2012210098,1
2012210100,0
2012210101,1
2012212811,1
2012215458,1
2012210104,1
2012210105,1
2012210106,1
2012210107,1
2012215953,1
2012213421,1
2012210436,1
2012210112,1
2012210589,1
2012211037,1
2012210115,0
2012215976,1
2012213062,1
2012210118,1
2012210119,0
2012210120,0
2012210121,0
2012210122,1
2012210123,0
2012210124,0
2012210125,1
2012213607,1
2012210127,0
2012210128,0
2012210129,1
2012210130,1
2012210131,1
2012210132,1
2012210134,1
2012210135,1
2012210136,0
2012210137,0
2012210138,0
2012214695,1
2012211477,1
2012210141,1
2012210142,1
2012210143,1
2012211526,1
2012210145,1
2012213959,1
2012210147,0
2012214434,1
2012210149,1
2012211492,1
2012210151,0
2012210152,0
2012210153,0
2012210154,1
2012210155,1
2012210156,0
2012215316,1
2012213723,1
2012210159,1
2012210856,1
2012210465,1
2012210162,1
2012210611,1
2012212577,1
2012210165,1
2012213343,1
2012210167,1
2012210168,1
2012210169,1
2012213340,1
2012210171,1
2012210172,0
2012210173,0
2012210175,1
2012210176,1
2012213415,1
2012210178,0
2012213823,1
2012210180,1
2012210181,1
2012210182,1
2012210183,1
2012210184,1
2012210185,1
2012211824,1
2012215987,1
2012210188,1
2012210189,1
2012213425,1
2012210192,0
2012210193,1
2012213437,1
2012210195,0
2012214282,1
2012210197,1
2012210198,1
2012210199,0
2012210200,0
2012210201,0
2012210202,0
2012210203,1
2012211564,1
2012210206,1
2012210207,1
2012210208,1
2012210209,1
2012210210,0
2012210211,0
2012210212,1
2012210550,1
2012210214,1
2012210215,0
2012210216,0
2012210217,0
2012210218,1
2012210219,0
2012213622,1
2012210221,0
2012210222,0
2012210223,0
2012215713,1
2012210225,1
2012210227,1
2012210228,0
2012210229,1
2012214325,1
2012210231,0
2012210232,0
2012210781,1
2012210234,1
2012210235,1
2012210236,0
2012213212,1
2012210238,0
2012210240,1
2012210241,1
2012210243,1
2012210244,1
2012210246,1
2012212029,1
2012210681,1
2012210249,1
2012210250,1
2012210251,0
2012210252,0
2012210253,1
2012210254,1
2012213628,1
2012210256,1
2012212882,1
2012210258,0
2012210259,1
2012210260,1
2012212982,1
2012210262,1
2012215812,1
2012214485,1
2012210265,1
2012211118,1
2012211041,1
2012210268,1
2012210269,0
2012210270,0
2012210271,1
2012210737,1
2012210273,0
2012210274,0
2012210275,1
2012215594,1
2012210279,1
2012210810,1
2012213462,1
2012210282,0
2012210283,1
2012213543,1
2012210285,1
2012213516,1
2012210287,1
2012210289,0
2012213751,1
2012210291,0
2012210292,0
2012210294,0
2012210296,1
2012211051,1
2012213780,1
2012210299,1
2012210301,1
2012210302,1
2012210303,1
2012210304,0
2012210498,1
2012210306,1
2012210307,1
2012210308,0
2012210309,0
2012210310,0
2012210311,1
2012210312,1
2012210313,1
2012211682,1
2012213328,1
2012210316,0
2012210317,1
2012210318,1
2012210319,1
2012210320,1
2012210321,1
2012210322,0
2012214301,1
2012210324,0
2012210325,1
2012210327,0
2012214082,1
2012210329,1
2012210330,1
2012210331,1
2012210332,1
2012210333,1
2012210334,1
2012210335,1
2012210336,1
2012211250,1
2012210339,1
2012210340,1
2012210341,0
2012210488,1
2012212315,1
2012215763,1
2012211589,1
2012211652,1
2012211655,0
2012214782,1
2012212063,1
2012212108,1
2012212834,1
2012212961,0
2012212965,0
2012213111,0
2012213575,0
2012213859,1
2012213012,1
2012215477,1
2012212823,1
2012215646,1
2012215901,1
2012216098,1
2012216099,1
2012212170,1
2012213784,1
2012210870,1
2012210519,1
2012213674,1
2012210288,1
2012213831,1
2012213673,1
2012210344,0
2012210345,0
2012210346,1
2012210347,1
2012210348,1
2012210349,0
2012210350,0
2012210351,1
2012213713,1
2012213408,1
2012210354,1
2012210355,0
2012213484,1
2012210357,1
2012210358,0
2012210359,1
2012210360,1
2012210361,1
2012210362,1
2012213826,1
2012210364,0
2012210365,0
2012210366,1
2012210367,1
2012215651,1
2012210369,1
2012210370,1
2012210371,0
2012214034,1
2012212723,1
2012210374,0
2012210375,0
2012210565,1
2012210619,1
2012210378,1
2012210379,1
2012210380,1
2012213782,1
2012210382,1
2012210383,0
2012210587,1
2012210385,1
2012212617,1
2012215668,1
2012212046,1
2012210389,1
2012210390,1
2012210391,1
2012211314,1
2012210393,1
2012210394,1
2012210395,0
2012215519,1
2012214780,1
2012212724,1
2012210768,1
2012212849,1
2012210632,1
2012210403,1
2012212634,1
2012210405,0
2012210406,0
2012210407,1
2012211647,1
2012213323,1
2012212083,1
2012210411,1
2012210412,1
2012211754,1
2012210414,1
2012210415,1
2012210416,0
2012211951,1
2012210418,0
2012210419,1
2012210420,1
2012213141,1
2012210422,1
2012210675,1
2012210424,1
2012210139,1
2012213946,1
2012211728,1
2012213036,1
2012214947,1
2012210431,1
2012210432,0
2012212283,1
2012214384,1
2012210435,1
2012212746,1
2012210963,1
2012210438,1
2012210439,1
2012210440,0
2012210441,0
2012215905,1
2012210443,1
2012210444,0
2012210445,0
2012212308,1
2012210447,1
2012210448,0
2012210449,0
2012211646,1
2012210451,0
2012212940,0
2012214277,1
2012210664,1
2012210455,1
2012210456,0
2012212925,1
2012211724,1
2012215712,1
2012210460,1
2012214862,1
2012214044,1
2012210463,1
2012210464,1
2012211162,1
2012210466,1
2012212991,1
2012210018,1
2012213749,1
2012210470,1
2012210471,0
2012210472,1
2012210473,1
2012210474,0
2012210475,1
2012211420,1
2012214633,1
2012214663,1
2012214689,1
2012214702,1
2012214727,1
2012210482,1
2012214796,1
2012210484,1
2012210485,1
2012210486,1
2012210487,0
2012210491,0
2012210492,0
2012210493,1
2012210494,1
2012210495,0
2012210496,0
2012215397,1
2012210499,1
2012210500,1
2012210502,1
2012210503,1
2012210504,1
2012210505,1
2012210507,0
2012210510,1
2012210511,1
2012210512,0
2012213913,1
2012210514,1
2012213560,1
2012214326,1
2012210517,1
2012210518,1
2012214334,1
2012210520,1
2012210521,1
2012210522,0
2012210523,0
2012210524,0
2012210525,1
2012210527,0
2012210528,1
2012210529,0
2012210530,0
2012210531,0
2012210532,1
2012214622,1
2012210534,1
2012210535,1
2012211153,1
2012212755,1
2012210539,1
2012210540,0
2012210541,1
2012210542,1
2012210543,1
2012213392,1
2012210545,0
2012210546,0
2012210547,0
2012210548,1
2012210549,1
2012215685,1
2012210552,0
2012210553,1
2012212683,1
2012210555,1
2012214602,1
2012210559,1
2012210560,1
2012210561,0
2012210562,1
2012214724,1
2012210564,1
2012211309,1
2012211236,1
2012214311,1
2012210568,1
2012210570,1
2012210571,1
2012210572,1
2012214852,1
2012210035,1
2012211019,1
2012211337,1
2012210577,1
2012212691,1
2012212719,1
2012210581,0
2012210582,0
2012210583,0
2012210584,1
2012212672,1
2012212801,1
2012215568,1
2012211276,1
2012213084,1
2012210590,0
2012210591,1
2012210592,0
2012214318,1
2012210595,1
2012212642,1
2012210598,0
2012210599,1
2012210600,1
2012210601,1
2012212910,1
2012215070,1
2012210604,0
2012210605,1
2012210606,1
2012210607,1
2012215173,1
2012210609,0
2012215589,1
2012213001,1
2012212640,1
2012210613,1
2012210614,0
2012210615,1
2012210616,1
2012210617,0
2012214190,1
2012210067,1
2012212686,1
2012213347,1
2012210622,1
2012210623,0
2012210624,1
2012213357,1
2012210626,0
2012210627,1
2012215255,1
2012213963,1
2012213397,1
2012210631,0
2012214499,1
2012211521,1
2012215463,1
2012215745,1
2012210636,1
2012210516,1
2012210793,1
2012213243,1
2012210641,0
2012210642,1
2012210643,1
2012213258,1
2012210645,1
2012215849,1
2012210647,1
2012210648,1
2012210650,1
2012214058,1
2012214255,1
2012210653,0
2012210654,1
2012214703,1
2012214842,1
2012210657,1
2012214846,1
2012210660,1
2012210661,1
2012210662,1
2012215000,1
2012215055,1
2012210665,1
2012210666,1
2012212828,1
2012211323,1
2012211383,1
2012210670,0
2012210671,1
2012210672,1
2012210673,1
2012214350,1
2012211726,1
2012212340,1
2012210679,0
2012213828,1
2012214300,1
2012214440,1
2012214007,1
2012210102,1
2012210685,1
2012210150,1
2012213504,1
2012211408,1
2012215328,1
2012210690,1
2012214601,1
2012215769,1
2012215775,1
2012215779,1
2012210696,1
2012214957,1
2012214184,1
2012211862,1
2012212981,1
2012210702,1
2012212285,1
2012212490,1
2012210706,1
2012215476,1
2012210708,1
2012210709,1
2012213378,1
2012210711,1
2012210712,1
2012210713,0
2012213836,1
2012210715,0
2012210716,1
2012214409,1
2012214503,1
2012210719,1
2012210720,1
2012210721,0
2012210722,1
2012210724,0
2012210725,0
2012210726,1
2012210728,0
2012211179,1
2012210730,1
2012214550,1
2012210732,1
2012212684,1
2012210734,1
2012210735,1
2012215283,1
2012214153,1
2012214814,1
2012212142,1
2012210741,1
2012214863,1
2012214893,1
2012210745,1
2012214645,1
2012210747,0
2012210748,1
2012211625,1
2012213820,1
2012210751,1
2012210752,1
2012210753,1
2012210754,1
2012210755,1
2012210756,1
2012210757,1
2012215836,1
2012214188,1
2012210761,1
2012212768,1
2012210763,1
2012210764,0
2012210765,0
2012210766,0
2012210767,1
2012212767,1
2012210769,1
2012213431,1
2012213461,1
2012210773,1
2012213403,1
2012214553,1
2012213457,1
2012210778,1
2012211390,1
2012215177,1
2012213344,1
2012215223,1
2012215871,1
2012210784,0
2012210785,1
2012210786,0
2012214709,1
2012210060,1
2012210789,0
2012210729,1
2012212731,1
2012211609,1
2012215834,1
2012210795,1
2012215846,1
2012210797,1
2012210798,1
2012210799,1
2012210800,0
2012210801,1
2012212241,1
2012211322,1
2012210805,0
2012210806,1
2012210807,1
2012210808,0
2012211324,1
2012211157,0
2012211167,1
2012211251,0
2012211261,1
2012211265,1
2012211293,1
2012211307,0
2012214762,1
2012211030,1
2012211641,0
2012213726,1
2012211673,1
2012212019,0
2012212023,1
2012212955,1
2012214873,1
2012212986,1
2012213321,1
2012212998,1
2012212999,1
2012213013,1
2012213291,1
2012215390,1
2012214009,1
2012215722,1
2012214847,1
2012214995,1
2012215467,1
2012215561,0
2012215910,1
2012210999,1
2012215942,1
2012215951,1
2012215972,1
2012215988,1
201321023001,0
2012211143,0
2012211144,0
2012211044,1
2012211146,0
2012214100,1
2012211150,1
2012212895,1
2012211152,1
2012214542,1
2012211154,0
2012214736,1
2012211156,1
2012213222,1
2012211159,1
2012211160,1
2012211161,0
2012211840,1
2012211164,1
2012214527,1
2012211166,1
2012211169,1
2012211170,1
2012211172,1
2012212915,1
2012211450,1
2012211175,1
2012211176,1
2012212532,1
2012211178,1
2012211924,1
2012211180,1
2012211232,1
2012215445,1
2012211183,1
2012211184,1
2012211186,0
2012214042,1
2012215721,1
2012215098,1
2012215487,1
2012214658,1
2012211137,1
2012211194,0
2012212623,1
2012213466,1
2012212563,1
2012210783,1
2012211301,1
2012211937,1
2012211201,1
2012211202,1
2012211203,1
2012210164,1
2012211206,0
2012210030,1
2012210759,1
2012215826,1
2012211213,1
2012211214,1
2012211215,1
2012211216,1
2012212666,1
2012211218,1
2012213322,1
2012212869,1
2012211221,1
2012211633,1
2012211224,1
2012211225,1
2012215848,1
2012212944,1
2012211228,1
2012210114,1
2012210828,1
2012211819,1
2012212596,1
2012211234,1
2012211977,1
2012211988,1
2012211237,1
2012211238,1
2012211239,1
2012211240,0
2012210014,1
2012210399,1
2012212302,1
2012214557,1
2012213410,1
2012212972,1
2012211248,1
2012210263,1
2012216024,1
2012211209,1
2012215481,1
2012211837,1
2012211256,1
2012212669,1
2012213679,1
2012211259,1
2012211260,1
2012211262,1
2012211263,1
2012211052,1
2012212707,1
2012211267,1
2012211268,0
2012215657,1
2012215921,1
2012211271,0
2012211272,1
2012211273,1
2012214677,1
2012211275,1
2012214751,1
2012211278,1
2012211279,1
2012211280,0
2012214765,1
2012214779,1
2012214800,1
2012211284,1
2012214804,1
2012211287,1
2012214818,1
2012211289,1
2012210337,1
2012211292,1
2012211294,1
2012211295,1
2012211296,1
2012215995,1
2012214078,1
2012211300,1
2012215345,1
2012211302,0
2012211303,1
2012211304,0
2012215276,1
2012211306,1
2012210015,1
2012212433,1
2012211310,1
2012211311,1
2012211312,1
2012211313,1
2012212884,1
2012211365,1
2012212670,1
2012212844,1
2012211319,1
2012213148,1
2012210742,1
2012211173,1
2012210117,1
2012212673,1
2012215152,1
2012211318,1
2012211245,1
2012210031,1
2012211330,1
2012211331,1
2012211264,1
2012211333,0
2012214107,1
2012211335,1
2012211229,1
2012210637,1
2012211339,0
2012211340,1
2012211341,1
2012211342,1
2012211343,1
2012213495,1
2012211345,1
2012211346,1
2012211347,1
2012212939,1
2012211349,1
2012211350,0
2012211352,1
2012211353,0
2012211354,0
2012211338,1
2012211356,1
2012211357,1
2012211358,1
2012211359,0
2012211360,1
2012211361,1
2012211966,1
2012211363,1
2012211364,1
2012210426,1
2012211366,1
2012211367,0
2012214537,1
2012212462,1
2012211370,1
2012211371,1
2012212810,1
2012211373,1
2012214404,1
2012211376,1
2012211377,1
2012214648,1
2012211379,1
2012211380,1
2012211381,1
2012211382,0
2012210293,1
2012211658,0
2012213224,1
2012215342,1
2012210809,1
2012213551,1
2012210811,0
2012214971,1
2012214905,1
2012210815,1
2012210816,1
2012210817,1
2012210818,1
2012210819,1
2012210820,0
2012210821,1
2012214980,1
2012210823,1
2012210824,1
2012210825,1
2012210826,1
2012214041,1
2012210829,1
2012210830,1
2012210831,1
2012210832,1
2012210833,1
2012210834,1
2012210835,1
2012210836,1
2012210837,1
2012213083,1
2012210839,1
2012210840,1
2012210841,1
2012210842,1
2012210843,1
2012210844,1
2012210845,1
2012210846,1
2012210847,1
2012210848,1
2012210850,1
2012210851,1
2012210852,1
2012210853,1
2012210855,1
2012215183,1
2012210857,0
2012210858,1
2012210859,0
2012210860,1
2012210861,0
2012210862,0
2012210863,0
2012210864,0
2012210865,1
2012210866,1
2012214720,1
2012210868,1
2012210869,1
2012214721,1
2012210871,0
2012213320,1
2012210874,1
2012211663,1
2012210876,1
2012210877,1
2012210878,1
2012212591,1
2012211266,1
2012210881,1
2012210883,1
2012210884,1
2012210885,1
2012210886,1
2012210887,1
2012213489,1
2012210889,1
2012210890,1
2012210891,1
2012212471,1
2012213574,1
2012215415,1
2012211793,1
2012210896,1
2012211227,1
2012210899,1
2012215185,1
2012210902,1
2012210903,1
2012211299,1
2012210905,1
2012210906,1
2012213742,1
2012211106,1
2012212621,1
2012213738,1
2012210912,1
2012210913,1
2012210914,1
2012210915,1
2012210916,1
2012210917,1
2012210918,1
2012210919,1
2012210920,0
2012210921,1
2012210922,0
2012210923,1
2012210924,1
2012210925,1
2012210927,1
2012214883,1
2012215573,1
2012213257,1
2012210931,1
2012210932,1
2012210934,1
2012210935,1
2012210936,1
2012210937,1
2012210938,1
2012210939,1
2012210940,1
2012210941,1
2012210942,1
2012210943,1
2012210944,1
2012210945,1
2012210946,1
2012210947,1
2012210949,1
2012210898,1
2012213213,1
2012214597,1
2012210954,1
2012210955,1
2012210956,1
2012210957,1
2012214996,1
2012210959,0
2012210960,1
2012210961,1
2012213501,1
2012213021,1
2012210964,1
2012212589,1
2012210966,1
2012210967,1
2012210968,1
2012210969,1
2012210970,0
2012210971,1
2012210972,1
2012210973,1
2012210974,1
2012210975,1
2012211114,1
2012210977,1
2012210978,1
2012210979,1
2012210982,1
2012210976,1
2012210984,0
2012210985,1
2012211537,1
2012213598,1
2012210988,0
2012214093,1
2012210990,1
2012210991,1
2012210992,1
2012210993,1
2012210994,1
2012210995,1
2012210746,1
2012210997,1
2012213081,1
2012210738,1
2012211000,0
2012211151,1
2012211002,0
2012211003,1
2012211005,1
2012212473,1
2012211007,1
2012211008,1
2012211009,1
2012213146,1
2012211011,1
2012211012,1
2012211013,1
2012213537,1
2012211015,1
2012211575,1
2012212377,1
2012211018,1
2012210453,1
2012211020,1
2012215419,1
2012211022,1
2012211023,1
2012213440,1
2012211025,1
2012211026,1
2012211027,1
2012211028,1
2012211029,1
2012212963,1
2012211031,1
2012211032,1
2012211033,1
2012211034,1
2012211035,1
2012211036,1
2012212516,1
2012213151,1
2012212401,1
2012212815,1
2012211753,1
2012211042,1
2012211043,1
2012211990,1
2012211045,1
2012211368,1
2012211047,1
2012211048,0
2012211049,0
2012211050,1
2012213002,1
2012212890,1
2012211053,1
2012210186,1
2012211055,1
2012211056,1
2012211057,1
2012211058,1
2012211059,1
2012211060,0
2012211061,1
2012211062,1
2012210707,1
2012211064,1
2012211065,1
2012214870,1
2012211067,1
2012211068,1
2012212105,1
2012211070,0
2012211071,1
2012211072,1
2012211199,1
2012211074,1
2012211075,0
2012211076,1
2012211077,1
2012211078,1
2012211079,1
2012213528,1
2012213789,1
2012211082,1
2012215817,1
2012211084,1
2012211085,0
2012211086,1
2012211087,1
2012211088,1
2012210248,1
2012211091,1
2012211092,1
2012211093,1
2012211094,1
2012211095,1
2012211096,1
2012211097,0
2012211098,0
2012211099,1
2012211100,1
2012211101,1
2012211102,1
2012212288,1
2012215707,1
2012210163,1
2012211107,1
2012210576,1
2012210620,1
2012211111,1
2012211112,1
2012211113,1
2012210515,1
2012211115,1
2012210437,1
2012211117,1
2012210544,1
2012211119,0
2012214250,1
2012211121,1
2012211122,1
2012211123,1
2012211124,0
2012211125,1
2012211126,1
2012214540,1
2012211128,1
2012211129,1
2012211130,1
2012211132,1
2012213503,1
2012211134,1
2012211135,1
2012210693,1
2012214261,1
2012211138,1
2012211139,1
2012211140,1
2012211141,1
2012214495,1
2012210537,1
2012210557,1
2012214555,1
2012214554,1
2012211297,1
2012212749,1
2012214467,1
2012211389,1
2012212661,1
2012213369,1
2012211393,1
2012214700,1
2012213556,1
2012213605,1
2012211397,1
2012211398,1
2012211399,1
2012211401,1
2012211402,1
2012212415,1
2012211404,1
2012211405,1
2012215294,1
2012212590,1
2012211196,1
2012211409,1
2012211476,1
2012211412,0
2012211414,1
2012211415,0
2012211416,1
2012211417,1
2012211418,1
2012211419,1
2012214408,1
2012211422,1
2012212807,1
2012211424,1
2012210788,1
2012211426,1
2012211427,1
2012211428,1
2012211429,1
2012211430,0
2012211431,1
2012212152,1
2012211433,1
2012211435,1
2012211436,1
2012211882,1
2012215929,1
2012211439,1
2012211440,1
2012211441,1
2012211442,1
2012211443,1
2012211444,1
2012210588,1
2012211446,1
2012211447,1
2012211449,1
2012212583,1
2012211451,1
2012211452,1
2012211453,0
2012211454,1
2012211455,0
2012210352,1
2012214266,1
2012213039,1
2012211461,1
2012211462,0
2012211463,1
2012211464,1
2012213054,1
2012213960,1
2012211467,1
2012211468,0
2012211469,1
2012211470,1
2012211471,1
2012211472,1
2012214666,1
2012211474,1
2012211475,1
2012215043,1
2012214919,1
2012211478,1
2012211479,1
2012211480,1
2012215343,1
2012211482,1
2012212450,1
2012211484,1
2012213570,1
2012211486,1
2012211487,1
2012211488,1
2012211489,1
2012211490,0
2012211217,1
2012211063,1
2012213552,1
2012213374,1
2012213371,1
2012211496,0
2012211497,0
2012213925,1
2012211499,1
2012211500,1
2012211501,1
2012214792,1
2012214803,1
2012214374,1
2012211505,0
2012211145,1
2012211508,1
2012214805,1
2012211510,1
2012211511,1
2012211120,1
2012211014,1
2012211514,1
2012211515,0
2012215142,1
2012213793,1
2012211519,1
2012211520,1
2012213604,1
2012211522,1
2012213848,1
2012211039,1
2012214567,1
2012210770,1
2012214293,1
2012214556,1
2012211200,1
2012211530,1
2012211531,1
2012211532,1
2012211527,1
2012211927,1
2012215935,1
2012214257,1
2012211538,1
2012211569,1
2012212481,1
2012214708,1
2012211542,1
2012215308,1
2012211544,1
2012211545,1
2012212937,1
2012214031,1
2012211548,1
2012211549,1
2012211550,1
2012211553,0
2012211555,1
2012211556,1
2012214965,1
2012211559,0
2012211560,0
2012211561,1
2012211562,1
2012211021,1
2012211565,1
2012211566,1
2012213380,1
2012211568,1
2012214566,1
2012211571,1
2012211317,1
2012211573,1
2012214834,1
2012214912,1
2012210731,1
2012211577,0
2012211578,1
2012211579,1
2012211581,1
2012211583,1
2012211584,1
2012211585,1
2012211586,1
2012211626,1
2012211588,1
2012211590,1
2012210774,1
2012211957,1
2012212001,1
2012213577,1
2012213292,1
2012211597,1
2012215960,1
2012214067,1
2012211601,1
2012211602,1
2012212544,1
2012212936,1
2012210875,1
2012215072,1
2012211607,1
2012211608,1
2012212110,1
2012211611,1
2012211612,1
2012211613,1
2012211614,1
2012213645,1
2012211616,1
2012213687,1
2012211618,0
2012211619,1
2012211620,1
2012213706,1
2012213862,1
2012211624,1
2012214368,1
2012214500,1
2012211627,1
2012211628,1
2012210298,1
2012211630,1
2012211631,0
2012213412,1
2012214313,1
2012211634,1
2012211635,1
2012215533,1
2012215137,1
2012211638,1
2012211639,1
2012214560,1
2012211642,1
2012211643,1
2012211644,1
2012211645,1
2012214888,1
2012211485,1
2012212508,1
2012211650,1
2012211651,1
2012211654,1
2012211657,1
2012211659,1
2012211660,1
2012211661,1
2012213334,1
2012213389,1
2012211664,1
2012211665,1
2012213394,1
2012211667,0
2012211668,1
2012211669,1
2012213409,1
2012211671,1
2012211672,1
2012213588,1
2012211675,1
2012211676,1
2012211677,0
2012211678,1
2012211680,0
2012211681,1
2012213592,1
2012213600,1
2012213719,1
2012214243,1
2012215354,0
2012214393,1
2012214397,1
2012210078,1
2012210277,1
2012214448,1
2012215075,1
2012210429,1
2012210506,1
2012210676,1
2012210692,0
2012211185,1
2012211223,1
2012212392,1
2012212693,1
2012212219,1
2012213356,1
2012212382,1
2012210061,1
2012212384,1
2012214225,1
2012214262,1
2012212387,0
2012214594,1
2012212389,0
2012211274,1
2012212391,0
2012212393,1
2012213422,1
2012212395,1
2012213499,1
2012213547,1
2012212398,0
2012212399,1
2012212400,1
2012213731,1
2012212402,1
2012213741,1
2012211321,1
2012212405,1
2012210554,1
2012213646,1
2012212408,1
2012212409,1
2012213391,1
2012215313,1
2012212412,1
2012215650,1
2012211748,1
2012215278,1
2012212419,0
2012212421,0
2012212422,0
2012210652,1
2012210008,1
2012210027,1
2012214686,1
2012212427,0
2012212428,1
2012212429,1
2012212430,1
2012212431,0
2012212432,0
2012215289,1
2012212434,1
2012212436,0
2012210651,1
2012214647,1
2012214131,1
2012211080,1
2012212441,1
2012214121,1
2012210353,1
2012210458,1
2012212445,1
2012212446,1
2012212447,1
2012212448,1
2012210908,1
2012215676,1
2012212452,0
2012212453,0
2012212455,1
2012212456,0
2012212457,0
2012212458,1
2012212459,1
2012214269,1
2012212461,1
2012214548,1
2012212464,0
2012212465,1
2012212466,1
2012212467,1
2012212468,1
2012212469,1
2012212470,1
2012215017,1
2012212472,0
2012210161,1
2012212474,1
2012212475,0
2012211498,1
2012212477,1
2012212478,1
2012215762,1
2012210567,1
2012212482,1
2012211316,1
2012212484,1
2012212118,1
2012212486,0
2012215381,1
2012212489,1
2012215559,0
2012212492,0
2012212493,1
2012212494,1
2012215605,1
2012212694,1
2012210266,1
2012211823,1
2012212072,1
2012210392,1
2012212503,1
2012214134,1
2012212505,0
2012215807,1
2012210413,1
2012210680,1
2012212536,1
2012212510,0
2012212511,1
2012212512,1
2012215714,1
2012215862,1
2012211110,1
2012215572,1
2012212517,0
2012212518,1
2012212519,1
2012212521,1
2012212522,1
2012214161,1
2012212524,0
2012214437,1
2012214438,1
2012211325,1
2012212297,1
2012210635,1
2012212530,1
2012211888,1
2012214046,1
2012210629,1
2012212534,1
2012212712,1
2012215739,1
2012212537,1
2012212538,1
2012212539,1
2012212540,1
2012210045,1
2012214984,1
2012212543,1
2012214486,1
2012212545,1
2012210594,1
2012215441,1
2012212548,1
2012215689,1
2012215702,1
2012215741,1
2012212552,0
2012210063,1
2012212184,1
2012212555,1
2012214474,1
2012214515,1
2012212558,1
2012212559,1
2012212562,0
2012211226,1
2012215184,1
2012210113,1
2012212566,0
2012212567,0
2012216021,1
2012212569,0
2012212570,1
2012212572,0
2012212573,0
2012212574,0
2012216059,1
2012210179,1
2012210196,1
2012215642,1
2012212580,1
2012214498,1
2012215222,1
2012215284,1
2012211190,1
2012212585,0
2012212586,1
2012212587,1
2012214248,1
2012210780,1
2012210794,1
2012212927,1
2012212592,0
2012213446,1
2012212594,1
2012212595,1
2012215520,1
2012214221,1
2012212598,1
2012212599,1
2012212600,1
2012212601,1
2012215224,1
2012212603,1
2012212605,0
2012212606,1
2012212607,0
2012212608,1
2012212609,0
2012212506,1
2012212509,1
2012212710,1
2012214473,1
2012212615,1
2012213383,1
2012212618,1
2012212619,1
2012212620,1
2012211127,1
2012212622,1
2012216008,1
2012212175,1
2012215429,1
2012215820,1
2012212627,0
2012211336,1
2012211193,1
2012212630,1
2012212631,1
2012211962,1
2012212633,0
2012213890,1
2012214244,1
2012215309,1
2012212637,1
2012212638,0
2012213585,1
2012213299,1
2012212504,1
2012212643,0
2012213250,1
2012212645,1
2012212646,1
2012212648,0
2012212649,1
2012212650,1
2012212652,0
2012212653,0
2012212654,1
2012212655,1
2012212656,0
2012212657,1
2012212659,1
2012212660,0
2012213871,1
2012212662,1
2012212663,0
2012213873,1
2012212667,0
2012212668,1
2012213686,1
2012213903,1
2012213515,1
2012213553,1
2012213655,1
2012213786,1
2012212675,1
2012212676,1
2012213807,1
2012212678,0
2012213808,1
2012212680,1
2012212681,1
2012215639,1
2012212160,1
2012212685,0
2012213492,1
2012212687,1
2012212688,0
2012212689,1
2012213507,1
2012213693,1
2012213849,1
2012210608,1
2012211622,1
2012212695,0
2012214312,1
2012211851,1
2012212698,0
2012215515,1
2012212700,1
2012212701,1
2012212702,0
2012215664,1
2012212644,1
2012212705,0
2012212706,1
2012214609,1
2012215048,1
2012214128,1
2012212711,0
2012213697,1
2012212713,0
2012212714,0
2012212715,1
2012214475,1
2012210776,1
2012213459,1
2012214983,1
2012211459,1
2012210450,1
2012212722,0
2012215545,1
2012214118,1
2012212725,0
2012214973,1
2012215022,1
2012212729,0
2012214831,1
2012211254,1
2012212732,0
2012212733,0
2012212734,0
2012212735,0
2012214196,1
2012211632,1
2012212738,1
2012210278,1
2012211233,1
2012211308,1
2012212742,0
2012211536,1
2012212744,1
2012212803,1
2012213678,1
2012213048,1
2012215880,1
2012212750,1
2012210695,1
2012213846,1
2012212753,0
2012212754,1
2012215824,1
2012214855,1
2012212758,1
2012212759,0
2012214890,1
2012212761,1
2012215044,1
2012212763,1
2012215665,1
2012215667,1
2012212766,0
2012215681,1
2012215832,1
2012212769,1
2012215686,1
2012212771,0
2012215821,1
2012215830,1
2012214915,1
2012212775,0
2012214187,1
2012212777,0
2012215590,1
2012212779,1
2012212780,1
2012212781,0
2012212782,1
2012214195,1
2012215670,1
2012215693,1
2012215822,1
2012215823,1
2012212788,1
2012215827,1
2012215828,1
2012215829,1
2012215861,1
2012213341,1
2012212794,0
2012212079,1
2012213832,1
2012212798,0
2012212799,0
2012212800,1
2012213854,1
2012212499,1
2012213160,1
2012212804,0
2012210388,1
2012212806,0
2012211288,1
2012212808,1
2012215304,1
2012210838,1
2012213009,1
2012212812,0
2012212129,1
2012212814,1
2012212132,1
2012212816,1
2012212817,1
2012212223,1
2012212819,0
2012212641,1
2012211764,1
2012212822,1
2012211848,1
2012211897,1
2012211961,1
2012214106,1
2012212829,0
2012212770,1
2012212832,1
2012212833,0
2012212835,1
2012213376,1
2012212837,1
2012212838,1
2012211986,1
2012214158,1
2012212584,1
2012214457,1
2012212404,1
2012213895,1
2012214617,1
2012214366,1
2012212847,1
2012212848,1
2012211465,1
2012214349,1
2012212851,0
2012212852,0
2012212853,0
2012215711,1
2012212855,1
2012210090,1
2012211396,1
2012212858,0
2012211244,1
2012215971,1
2012214400,1
2012212862,0
2012214490,1
2012210656,1
2012212867,1
2012212868,1
2012211040,1
2012212870,1
2012212871,1
2012212872,0
2012210803,1
2012212460,1
2012213276,1
2012213491,1
2012212877,1
2012213480,1
2012212879,0
2012214781,1
2012214797,1
2012212883,1
2012215801,1
2012212885,1
2012215853,1
2012212887,0
2012212888,1
2012212889,1
2012215856,1
2012211326,1
2012213185,1
2012212893,0
2012212894,0
2012211512,1
2012214401,1
2012212897,0
2012214532,1
2012210814,1
2012211648,1
2012213534,1
2012212903,0
2012212904,1
2012212907,0
2012213675,1
2012211591,1
2012210928,1
2012212911,1
2012210372,1
2012212913,1
2012212914,1
2012212564,1
2012212263,1
2012212917,1
2012212918,1
2012212997,1
2012214510,1
2012212921,0
2012212496,1
2012210396,1
2012212924,0
2012214075,1
2012212926,1
2012212416,1
2012212928,0
2012212930,1
2012212931,1
2012211369,1
2012215002,1
2012210220,1
2012210669,1
2012214790,1
2012212994,1
2012212854,1
2012214596,1
2012212942,1
2012213069,1
2012212945,1
2012212550,1
2012211636,1
2012213071,1
2012213104,0
2012213109,0
2012215151,1
2012213163,1
2012213219,0
2012210469,1
2012213770,1
2012212900,1
2012213918,1
2012213984,0
2012211666,1
2012214644,1
2012214019,1
2012214683,1
2012214728,1
2012214193,0
2012214631,1
2012214756,1
2012215332,0
2012214766,1
2012214811,1
2012215362,0
2012215547,0
2012212899,1
2012215569,1
2012215616,1
2012215913,0
2012215934,1
2012210452,1
2012213067,1
2012213068,1
2012213171,1
2012213070,1
2012210804,1
2012212909,1
2012213074,1
2012213076,1
2012213077,1
2012216047,1
2012213079,1
2012210284,1
2012215659,1
2012213683,1
2012210983,1
2012212774,1
2012213085,1
2012213086,0
2012214884,1
2012213088,1
2012213089,1
2012210478,1
2012213091,1
2012213092,0
2012213093,1
2012213094,1
2012213095,0
2012213096,1
2012210177,1
2012213099,1
2012213101,1
2012213103,0
2012213105,1
2012214514,1
2012213107,1
2012211841,1
2012213112,1
2012210574,1
2012213531,1
2012213115,1
2012212500,1
2012210481,1
2012213118,1
2012213119,1
2012213120,1
2012211269,1
2012211281,1
2012213123,1
2012213124,1
2012210093,1
2012213128,1
2012213420,1
2012213130,1
2012213131,1
2012213132,1
2012213134,1
2012213450,1
2012213136,0
2012213138,1
2012213139,0
2012213140,0
2012213142,1
2012213143,1
2012213144,1
2012213145,1
2012213887,1
2012214853,1
2012210397,1
2012210787,1
2012213218,1
2012213152,0
2012213153,1
2012213154,1
2012213155,1
2012213156,1
2012213157,1
2012213158,1
2012213159,1
2012213161,1
2012213164,1
2012213165,1
2012213166,1
2012213167,1
2012213168,1
2012213372,1
2012213170,1
2012213172,1
2012213217,1
2012213175,1
2012213260,1
2012213177,1
2012213178,1
2012213179,1
2012213049,1
2012213181,1
2012213182,1
2012210082,1
2012213184,1
2012211792,1
2012210281,1
2012213187,1
2012213189,0
2012213191,1
2012213192,1
2012213193,1
2012213358,1
2012215020,1
2012213196,1
2012213197,1
2012213198,1
2012213199,1
2012213200,1
2012213201,1
2012215523,1
2012213204,1
2012210048,1
2012213206,1
2012213207,1
2012213208,1
2012210771,1
2012211572,1
2012213755,1
2012212035,1
2012213214,1
2012213215,1
2012213216,1
2012215720,1
2012213350,1
2012213220,1
2012213221,1
2012215890,1
2012213764,1
2012213225,1
2012213228,1
2012213229,1
2012213230,1
2012213231,1
2012215500,1
2012212553,1
2012213232,1
2012213236,1
2012210688,1
2012213238,0
2012213239,1
2012213240,1
2012213241,1
2012213242,1
2012212394,1
2012213244,1
2012213245,0
2012213246,1
2012213445,1
2012214302,1
2012213249,0
2012214536,1
2012213251,1
2012213252,1
2012213253,1
2012213254,1
2012212531,1
2012213256,1
2012213237,1
2012215003,1
2012213259,1
2012215452,1
2012213261,1
2012213262,0
2012213263,1
2012213264,1
2012213265,1
2012210433,1
2012213267,1
2012212709,1
2012210717,1
2012213270,1
2012213271,1
2012213272,1
2012213273,1
2012213274,1
2012210701,1
2012212440,1
2012213277,1
2012215124,1
2012213280,1
2012213281,1
2012213282,1
2012213283,1
2012213285,1
2012215187,1
2012213287,0
2012213288,0
2012213289,1
2012213290,1
2012215203,1
2012216029,1
2012213293,1
2012213294,1
2012213613,1
2012213298,1
2012211327,1
2012213300,0
2012211938,1
2012213302,1
2012215728,1
2012213304,1
2012210965,1
2012213306,1
2012213307,1
2012213308,1
2012213309,1
2012213310,1
2012213311,1
2012213312,0
2012213313,1
2012212736,1
2012213315,1
2012210880,1
2012210962,1
2012213318,1
2012213319,1
2012214960,1
2012213223,1
2012212985,1
2012212031,1
2012213324,1
2012213325,1
2012211090,1
2012212958,1
2012214053,1
2012214506,0
2012214547,1
2012214629,0
2012215293,1
2012212957,1
2012214353,1
2012212145,1
2012212690,1
2012212533,1
2012216031,1
2012212974,1
2012212403,1
2012210459,1
2012210070,1
2012211994,1
2012212081,1
2012211355,1
2012213116,1
2012214081,1
2012210699,1
2012212575,1
2012213330,0
2012213331,1
2012213332,1
2012213333,1
2012212312,1
2012211518,1
2012213336,1
2012213337,1
2012212588,1
2012213210,1
2012214470,1
2012213342,1
2012214320,1
2012211286,1
2012211283,1
2012211177,1
2012211516,1
2012213348,1
2012212636,1
2012213269,1
2012213351,1
2012213353,1
2012210986,1
2012213502,1
2012213525,1
2012213617,1
2012213620,1
2012215648,1
2012215793,1
2012215879,1
2012213364,0
2012213365,1
2012213366,1
2012213367,1
2012213368,1
2012213286,1
2012213370,1
2012214025,1
2012212372,1
2012214060,1
2012213375,1
2012210659,1
2012213783,1
2012211147,1
2012213381,1
2012213382,1
2012213991,1
2012213384,1
2012213385,1
2012213386,1
2012212790,1
2012212737,1
2012215881,1
2012210410,1
2012212836,1
2012210408,1
2012213017,1
2012212805,1
2012214791,1
2012213087,1
2012215669,1
2012210386,1
2012210376,1
2012213405,1
2012213406,1
2012213407,1
2012215348,1
2012214600,1
2012210087,1
2012215353,1
2012214807,1
2012213413,1
2012213050,1
2012213750,1
2012213416,1
2012213346,1
2012213418,1
2012211524,1
2012210427,1
2012215493,1
2012215209,1
2012211315,1
2012213424,1
2012213426,1
2012213427,1
2012213428,1
2012213429,1
2012214909,1
2012211024,1
2012213433,1
2012213183,1
2012213435,1
2012213436,1
2012210630,1
2012211372,1
2012212196,1
2012213441,1
2012210417,1
2012213443,1
2012213444,1
2012211212,1
2012212967,1
2012213447,1
2012212523,1
2012214048,1
2012213690,1
2012211863,1
2012214672,1
2012213454,1
2012212425,1
2012213629,1
2012214673,1
2012212841,1
2012215749,1
2012210792,1
2012213463,1
2012210612,1
2012213465,1
2012210103,1
2012213467,1
2012212498,1
2012213469,1
2012213470,1
2012213473,1
2012213474,0
2012212786,1
2012212843,1
2012213688,1
2012213479,1
2012210476,1
2012215981,1
2012210272,1
2012215455,1
2012213488,1
2012212949,1
2012212912,1
2012213649,1
2012214429,1
2012213511,1
2012213496,1
2012211158,1
2012213962,1
2012215405,1
2012215608,1
2012211995,1
2012214109,1
2012213248,1
2012214275,1
2012213117,1
2012212948,1
2012213508,1
2012213509,1
2012213510,1
2012211046,1
2012213512,1
2012211069,1
2012213514,1
2012211683,1
2012215932,1
2012210381,1
2012211707,1
2012214172,1
2012213523,1
2012213180,1
2012213451,1
2012213599,1
2012212438,1
2012211605,1
2012214582,1
2012213530,1
2012213483,1
2012213532,1
2012213533,1
2012212984,1
2012214951,1
2012213603,1
2012212073,1
2012213538,1
2012214186,1
2012213541,1
2012213542,1
2012215962,1
2012213544,1
2012213545,1
2012213442,1
2012213787,1
2012213548,1
2012211466,1
2012215193,1
2012211473,1
2012213388,1
2012211844,1
2012213601,1
2012213558,1
2012211674,1
2012213561,1
2012213562,1
2012213186,1
2012213564,1
2012213565,1
2012213566,1
2012212651,1
2012215453,1
2012215195,1
2012213546,1
2012213794,1
2012213579,0
2012212881,1
2012215018,1
2012214308,1
2012214329,1
2012210694,1
2012211758,1
2012214731,1
2012212861,1
2012210873,1
2012211954,1
2012212349,1
2012213595,1
2012213596,1
2012215908,1
2012215961,1
2012213038,1
2012214069,1
2012214135,1
2012212557,1
2012214126,1
2012210930,1
2012213606,1
2012215325,1
2012210740,1
2012210052,1
2012212325,1
2012214783,1
2012213616,1
2012210569,1
2012213619,1
2012211494,1
2012210566,1
2012213625,1
2012212809,1
2012212875,1
2012213630,1
2012211493,1
2012211592,1
2012211606,1
2012215057,1
2012213639,1
2012213640,1
2012213641,1
2012213643,1
2012211038,1
2012212342,1
2012213176,1
2012213647,1
2012214223,1
2012215402,1
2012213834,1
2012215368,1
2012213652,1
2012213653,1
2012213654,1
2012214204,1
2012213657,1
2012213658,1
2012211210,1
2012215214,1
2012210888,1
2012213665,1
2012213666,1
2012213667,1
2012213669,1
2012211731,1
2012211827,1
2012213672,1
2012212066,1
2012212071,1
2012214063,1
2012213676,1
2012215729,1
2012215694,1
2012213680,1
2012213840,1
2012215800,1
2012215440,1
2012213684,1
2012214793,1
2012213961,1
2012212549,1
2012213631,1
2012215337,1
2012214714,1
2012213769,1
2012213699,1
2012213700,1
2012214777,1
2012214512,1
2012213705,1
2012210691,1
2012213707,1
2012213708,1
2012211879,1
2012215933,1
2012215979,1
2012213715,1
2012213931,1
2012212864,1
2012211694,1
2012211456,1
2012211457,1
2012214935,1
2012213722,1
2012211133,1
2012213724,1
2012215924,1
2012214238,1
2012214279,1
2012212426,1
2012213730,1
2012213815,1
2012215470,1
2012210363,1
2012212932,1
2012213804,1
2012211255,1
2012213740,1
2012214436,1
2012211600,1
2012213744,1
2012212383,1
2012213746,1
2012213747,1
2012215927,1
2012215955,1
2012215940,1
2012215973,1
2012212943,1
2012213753,1
2012213754,0
2012211670,1
2012213756,1
2012210644,1
2012212039,1
2012213759,1
2012213760,1
2012213761,1
2012213762,1
2012213763,1
2012214065,1
2012213766,1
2012213768,1
2012214256,1
2012213771,1
2012213772,1
2012213773,0
2012213774,1
2012213775,1
2012213129,1
2012211163,1
2012213778,1
2012213779,1
2012215939,1
2012213781,1
2012215703,1
2012211298,1
2012212230,1
2012213785,1
2012214642,1
2012214652,1
2012213788,1
2012214681,1
2012213790,1
2012213791,1
2012214698,1
2012214808,1
2012214826,1
2012210895,1
2012211054,1
2012213797,1
2012212526,1
2012211165,1
2012210430,1
2012212483,1
2012213802,1
2012211788,1
2012211073,1
2012213805,1
2012215742,1
2012213127,1
2012213301,1
2012212143,1
2012213373,1
2012214365,1
2012214175,1
2012213814,1
2012214200,1
2012215356,1
2012211438,1
2012213819,1
2012211963,1
2012213821,1
2012213822,1
2012211546,1
2012214192,1
2012213717,1
2012213806,1
2012213583,1
2012214899,1
2012211529,1
2012213830,1
2012212397,1
2012213536,1
2012211855,1
2012213735,1
2012213593,1
2012215423,1
2012210109,1
2012211231,1
2012211959,1
2012214552,1
2012211541,1
2012213844,1
2012213845,1
2012215743,1
2012213847,1
2012213169,1
2012215421,1
2012213852,1
2012213853,1
2012212554,1
2012213855,1
2012213856,1
2012213857,1
2012212091,1
2012215157,1
2012214585,1
2012213861,1
2012213885,1
2012213610,1
2012213803,1
2012215916,1
2012213867,0
2012212576,1
2012213872,1
2012212796,1
2012213874,1
2012213875,1
2012213876,1
2012213877,1
2012213878,1
2012213879,1
2012213880,1
2012213881,1
2012213882,1
2012213883,1
2012212507,1
2012213886,1
2012212525,1
2012213888,1
2012213889,1
2012212612,1
2012214904,1
2012213893,1
2012211503,1
2012213896,1
2012213897,1
2012213898,1
2012213900,1
2012213901,1
2012213902,1
2012214656,1
2012213905,1
2012214743,1
2012214770,1
2012213936,1
2012214809,1
2012214029,1
2012214099,1
2012214103,1
2012214101,1
2012210230,1
2012213335,1
2012214775,1
2012213234,1
2012213235,1
2012213934,1
2012215355,1
2012215384,1
2012215582,1
2012211528,1
2012212437,1
2012212891,1
2012215759,1
201321013025,1
201321074032,1
201321081007,1
201321091017,1
201321092017,1
201321092084,1
201321092112,1
201321094035,1
201321094041,1
201321095043,1
201321103065,1
201321112071,1
201321132215,1
201321142037,1
2012212074,1
2012212344,1
2012213911,1
2012210575,1
2012211662,1
2012212941,1
2012213478,1
2012213824,1
2012213829,1
2012214572,1
2012211784,1
2012214871,1
2012211593,1
2012213573,1
2012214292,1
2012214372,1
2012214105,1
2012214217,1
2012214218,1
2012214033,1
2012214220,0
2012214111,1
2012214222,1
2012213487,1
2012213411,1
2012214249,1
2012214493,1
2012214227,0
2012214228,1
2012214696,1
2012214230,0
2012214417,1
2012214416,1
2012214234,1
2012214441,1
2012214236,1
2012214449,1
2012211104,1
2012212420,1
2012212616,1
2012213716,1
2012213720,1
2012213737,1
2012214254,1
2012214246,1
2012214345,1
2012214113,1
2012213682,1
2012214160,1
2012214252,1
2012214253,1
2012211192,1
2012214258,1
2012213354,1
2012213500,1
2012214419,1
2012214259,0
2012214420,1
2012215221,1
2012216046,1
2012213432,1
2012214264,1
2012214336,1
2012214267,0
2012214413,1
2012214422,1
2012214270,1
2012214271,1
2012214272,1
2012210573,1
2012214274,1
2012211535,1
2012214055,1
2012214278,1
2012214085,1
2012215431,1
2012214281,1
2012214002,1
2012215189,1
2012214287,1
2012214289,1
2012214290,1
2012212388,1
2012215015,1
2012214295,1
2012214337,1
2012214297,1
2012214298,1
2012214299,1
2012215489,1
2012214738,1
2012213423,1
2012214303,1
2012213464,1
2012214501,1
2012214306,1
2012214307,1
2012213279,1
2012214309,0
2012215093,1
2012214403,1
2012214882,1
2012215277,1
2012214938,1
2012210952,1
2012211230,1
2012212407,1
2012213097,1
2012213106,1
2012214324,1
2012213539,1
2012213456,1
2012214327,1
2012211543,1
2012210002,1
2012212846,1
2012212390,1
2012212739,1
2012214333,0
2012215297,1
2012211425,1
2012215329,1
2012213800,1
2012211083,1
2012215460,1
2012213614,1
2012214342,0
2012214344,1
2012212699,1
2012214346,1
2012214347,1
2012214348,1
2012214472,1
2012212410,1
2012213995,1
2012214050,1
2012212764,1
2012213860,1
2012214355,1
2012214356,1
2012214357,0
2012214358,1
2012210603,1
2012213550,1
2012212922,1
2012215251,1
2012214363,1
2012214364,1
2012215496,1
2012210790,1
2012214367,1
2012214330,1
2012214369,1
2012211006,1
2012212348,1
2012214373,0
2012212411,1
2012214375,0
2012213122,1
2012213818,1
2012214414,1
2012214379,1
2012211539,1
2012213404,1
2012214383,1
2012212762,1
2012214385,1
2012214386,1
2012212228,1
2012210468,1
2012211332,1
2012213121,1
2012213661,1
2012210667,1
2012215228,1
2012211384,1
2012212842,1
2012214381,1
2012214399,1
2012211290,1
2012213974,1
2012214402,1
2012210513,1
2012210710,1
2012215013,1
2012214406,1
2012214407,1
2012215243,1
2012213825,1
2012212476,1
2012214411,0
2012214412,1
2012210402,1
2012214956,1
2012211198,1
2012214581,1
2012214583,1
2012215314,1
2012210462,1
2012214032,1
2012214421,1
2012213505,1
2012211182,1
2012214564,1
2012213345,1
2012214426,1
2012214427,1
2012213349,1
2012214730,1
2012214431,1
2012210779,1
2012210157,1
2012213691,1
2012214463,1
2012213052,1
2012210237,1
2012214439,0
2012211617,1
2012212821,1
2012212262,1
2012214443,1
2012214444,1
2012213073,1
2012215791,1
2012214447,1
2012214110,1
2012212148,1
2012210021,1
2012214451,1
2012212253,1
2012214591,1
2012214455,1
2012212442,1
2012213090,1
2012214458,1
2012214459,1
2012214460,1
2012214461,1
2012213650,1
2012210762,1
2012211016,1
2012212602,1
2012214466,1
2012212743,1
2012214468,0
2012212787,1
2012213864,1
2012214471,1
2012215733,1
2012213999,1
2012213651,1
2012214615,1
2012215904,1
2012211904,1
2012214478,1
2012214479,1
2012214480,0
2012214481,1
2012214482,1
2012214483,1
2012214484,1
2012214603,1
2012210879,1
2012214487,1
2012213359,1
2012213448,1
2012213513,1
2012214491,1
2012214492,1
2012213568,1
2012214494,1
2012213589,1
2012214496,1
2012214497,1
2012214530,1
2012212703,1
2012212741,1
2012212757,1
2012214502,1
2012211116,1
2012214504,1
2012212009,1
2012214233,1
2012214508,1
2012212840,1
2012212839,1
2012214511,1
2012210703,1
2012214513,0
2012212874,1
2012214219,1
2012210996,1
2012211010,1
2012213033,1
2012213004,1
2012215787,1
2012214521,1
2012210442,1
2012214102,1
2012214525,1
2012212718,1
2012212860,1
2012216097,1
2012214423,1
2012214531,1
2012214907,1
2012214533,1
2012214534,1
2012211305,1
2012213114,1
2012214577,1
2012214538,0
2012214858,1
2012213729,1
2012212529,1
2012213966,1
2012214544,0
2012213967,1
2012214546,1
2012213998,1
2012214549,1
2012212886,1
2012214551,1
2012213401,1
2012211187,1
2012211547,1
2012212625,1
2012214489,1
2012212147,1
2012215794,1
2012214559,0
2012215803,1
2012215872,1
2012215301,1
2012215176,1
2012214354,1
2012214108,1
2012214224,1
2012214569,1
2012214570,0
2012211629,1
2012214226,1
2012214573,1
2012214229,1
2012214575,1
2012214576,1
2012214263,1
2012212579,1
2012214579,1
2012212916,1
2012213058,1
2012213363,1
2012213203,1
2012214891,1
2012215735,1
2012214586,1
2012215083,1
2012214589,1
2012214590,1
2012215364,1
2012212513,1
2012214593,1
2012212692,1
2012214595,1
2012211109,1
2012215885,1
2012211615,1
2012213801,1
2012215108,1
2012215167,1
2012215786,1
2012214605,1
2012215857,1
2012214377,1
2012214608,0
2012215731,1
2012215805,1
2012213339,1
2012213578,1
2012214284,1
2012214614,1
2012214370,1
2012214562,1
2012214578,1
2012214619,1
2012214415,1
2012215607,1
2012210775,1
2012214625,1
2012214627,0
2012212797,1
2012215049,1
2012216036,1
2012212908,1
2012213209,1
2012215482,1
2012214305,1
2012214315,1
2012214442,1
2012212813,1
2012213522,1
2012210597,1
2012215700,1
2012215716,1
2012215795,1
2012214635,0
2012214636,1
2012214637,1
2012214638,1
2012214639,1
2012213555,1
2012214641,1
2012213921,1
2012211656,1
2012210434,1
2012213865,1
2012212658,1
2012210892,1
2012214649,1
2012210893,1
2012214654,1
2012214655,1
2012214038,1
2012214657,0
2012210663,1
2012214660,1
2012214661,1
2012215604,1
2012213662,1
2012213702,1
2012214668,1
2012213718,1
2012214670,1
2012214671,1
2012212380,1
2012214674,1
2012214675,1
2012214676,1
2012213634,1
2012212876,1
2012213858,1
2012214680,1
2012210704,1
2012214682,1
2012214323,1
2012214684,1
2012213833,1
2012215718,1
2012214687,1
2012214688,1
2012215615,1
2012214690,1
2012214691,1
2012214692,1
2012214693,1
2012214694,1
2012212969,1
2012215737,1
2012215900,1
2012214699,1
2012215911,1
2012215926,1
2012210586,1
2012214704,1
2012214705,1
2012214706,1
2012212319,1
2012215603,1
2012213733,1
2012214710,1
2012213739,1
2012214712,1
2012214713,1
2012213455,1
2012214715,1
2012213827,1
2012214718,1
2012214719,1
2012214361,1
2012214378,1
2012214723,1
2012214558,1
2012214725,0
2012211873,1
2012214446,1
2012214729,0
2012214623,1
2012215719,1
2012214732,1
2012214734,1
2012214735,1
2012211502,1
2012214737,1
2012210718,1
2012211220,1
2012211242,1
2012215229,1
2012212902,1
2012214744,1
2012214745,1
2012214746,1
2012214747,1
2012211587,1
2012210551,1
2012214752,1
2012214753,1
2012210610,1
2012214755,1
2012215125,1
2012214757,1
2012214758,1
2012215136,1
2012214760,1
2012215334,1
2012213110,1
2012214764,0
2012214245,1
2012214769,1
2012211391,1
2012214771,1
2012214772,1
2012210538,1
2012214774,1
2012214776,1
2012214424,1
2012214778,1
2012214240,1
2012215726,1
2012215765,1
2012211258,1
2012213752,1
2012214784,1
2012214785,1
2012214786,1
2012214787,1
2012214788,1
2012211621,1
2012210261,1
2012213449,1
2012212934,1
2012212850,1
2012214794,1
2012214795,1
2012214332,1
2012214476,1
2012214799,1
2012214563,1
2012214801,1
2012214611,1
2012215678,1
2012215814,1
2012214453,1
2012214659,1
2012213581,1
2012215906,1
2012215977,1
2012214810,1
2012212878,1
2012214813,1
2012213576,1
2012213757,1
2012214816,1
2012213838,1
2012210596,1
2012214819,1
2012210758,1
2012214821,1
2012214822,1
2012214823,1
2012214824,1
2012215129,1
2012214827,1
2012215162,1
2012215350,1
2012214830,1
2012212026,1
2012210356,1
2012214833,1
2012213721,1
2012214141,1
2012212923,1
2012214836,1
2012214837,1
2012214838,0
2012214839,1
2012214840,0
2012211136,1
2012214843,1
2012214844,1
2012213796,1
2012213799,1
2012214848,1
2012213839,1
2012214850,1
2012212547,1
2012210733,1
2012214856,1
2012214857,1
2012214739,1
2012214860,1
2012214861,1
2012215798,1
2012211174,1
2012214864,1
2012214865,1
2012214866,0
2012211243,1
2012214868,1
2012214869,0
2012212920,1
2012215508,1
2012214874,0
2012214875,1
2012214876,1
2012214877,1
2012213969,1
2012214880,0
2012214881,0
2012213970,1
2012214071,1
2012215894,1
2012214885,1
2012215897,1
2012210634,1
2012213727,1
2012214889,0
2012214392,1
2012214003,1
2012214892,0
2012214398,1
2012214894,1
2012214895,1
2012214896,1
2012214898,0
2012214464,1
2012214900,0
2012214901,1
2012214902,0
2012215869,1
2012215899,1
2012214906,0
2012215752,1
2012214908,0
2012215797,1
2012213758,1
2012214911,1
2012213809,1
2012214913,1
2012214914,0
2012213812,1
2012214916,1
2012213813,1
2012214918,1
2012210698,1
2012214920,1
2012214921,1
2012214922,0
2012214923,1
2012214924,1
2012214925,1
2012214926,1
2012214927,0
2012214339,1
2012214930,1
2012214380,1
2012214932,1
2012214933,1
2012214618,1
2012214854,1
2012214936,1
2012214937,0
2012215730,1
2012214939,1
2012214940,1
2012214944,1
2012214945,1
2012214946,1
2012215802,1
2012214948,0
2012214949,0
2012214950,1
2012215809,1
2012214952,0
2012214953,1
2012214954,1
2012214955,1
2012214317,1
2012214410,1
2012214958,1
2012214959,1
2012214507,1
2012214962,1
2012214963,0
2012211557,1
2012211576,1
2012214967,1
2012214968,1
2012213402,1
2012213414,1
2012214972,0
2012214879,1
2012214974,1
2012214975,1
2012214976,0
2012214977,1
2012214978,1
2012214979,0
2012210998,1
2012211491,1
2012215660,1
2012215736,1
2012215811,1
2012214985,0
2012214986,1
2012213043,1
2012214988,1
2012214887,1
2012214990,0
2012214991,1
2012214992,1
2012214993,1
2012214994,1
2012214296,1
2012214997,1
2012214998,1
2012214999,1
2012214310,1
2012215001,0
2012214607,1
2012215006,0
2012215008,0
2012215009,1
2012215010,0
2012215011,1
2012214388,1
2012214391,1
2012215706,1
2012215882,1
2012213468,1
2012214241,1
2012215145,1
2012215023,0
2012215024,0
2012215025,1
2012215026,0
2012215027,1
2012215028,1
2012215029,1
2012215030,1
2012215031,1
2012215032,1
2012215034,0
2012215035,1
2012215649,1
2012212444,1
2012215038,1
2012211188,1
2012215040,0
2012214849,1
2012215042,0
2012215865,1
2012215045,1
2012212970,1
2012215047,1
2012211378,1
2012213493,1
2012215050,0
2012215051,0
2012215052,0
2012215053,1
2012215723,1
2012215764,1
2012215058,1
2012215059,1
2012215864,1
2012215061,0
2012215062,1
2012215063,1
2012215064,1
2012215065,1
2012213704,1
2012215067,1
2012215068,1
2012215069,1
2012214707,1
2012215071,1
2012211720,1
2012215073,1
2012215074,1
2012214359,1
2012215076,1
2012214425,1
2012215078,1
2012214535,1
2012215080,0
2012215082,1
2012212614,1
2012215084,1
2012215085,1
2012215086,0
2012215088,1
2012215089,1
2012215090,1
2012215091,0
2012215092,1
2012215671,1
2012215095,1
2012215096,1
2012215097,1
2012215754,1
2012215099,1
2012215100,1
2012215101,1
2012215102,0
2012215207,1
2012215208,0
2012211066,1
2012210255,1
2012215211,1
2012213497,1
2012215213,1
2012213569,1
2012213594,1
2012215216,0
2012215217,1
2012215218,1
2012215219,1
2012215220,1
2012213714,1
2012214754,1
2012213863,1
2012212980,1
2012215225,1
2012215226,1
2012215227,1
2012215601,1
2012215866,1
2012215230,1
2012215231,1
2012215232,1
2012215233,0
2012215234,0
2012215235,1
2012215236,0
2012215781,1
2012215238,1
2012215239,1
2012215241,1
2012215242,1
2012215887,1
2012212048,1
2012215245,1
2012215246,1
2012215247,1
2012215248,1
2012215249,1
2012215250,1
2012215687,1
2012215855,1
2012214335,1
2012215254,1
2012214621,1
2012215256,1
2012215257,1
2012215258,1
2012215259,1
2012215260,1
2012215262,0
2012215263,1
2012215264,1
2012212527,1
2012215266,1
2012215181,1
2012215269,1
2012215270,1
2012215271,1
2012215272,0
2012215912,1
2012213316,1
2012213317,1
2012212274,1
2012210343,1
2012215279,0
2012211506,1
2012215281,1
2012215282,1
2012212353,1
2012215479,1
2012212109,1
2012215672,1
2012216100,0
2012213938,1
2012215747,1
2012212756,1
2012213174,1
2012215103,1
2012215104,1
2012215105,1
2012215106,1
2012215107,1
2012215751,1
2012215109,1
2012215110,1
2012215111,1
2012215112,1
2012215113,1
2012215114,1
2012215875,1
2012215116,1
2012215117,1
2012215118,1
2012215119,1
2012215120,1
2012215121,1
2012215122,1
2012211481,1
2012211432,1
2012215126,1
2012213275,1
2012210989,1
2012211525,1
2012215130,1
2012211540,1
2012215132,1
2012215133,1
2012215135,1
2012214773,1
2012214820,1
2012215138,1
2012215139,1
2012215140,1
2012215563,1
2012214083,1
2012215144,1
2012210911,1
2012215146,0
2012215147,1
2012215148,1
2012215149,1
2012215150,1
2012215127,1
2012215351,1
2012215153,1
2012215154,1
2012215155,1
2012215156,1
2012213914,1
2012215158,1
2012215159,1
2012215160,0
2012215161,1
2012210578,1
2012215163,1
2012210314,1
2012215165,1
2012215166,1
2012213295,1
2012215168,1
2012215169,1
2012210686,1
2012215696,1
2012210084,1
2012215174,1
2012215175,1
2012213837,1
2012215178,1
2012215179,1
2012215180,1
2012213841,1
2012215182,1
2012213842,1
2012214430,1
2012214592,1
2012215186,1
2012214678,1
2012215188,1
2012214726,1
2012215190,1
2012210802,1
2012215192,1
2012212541,1
2012215194,1
2012212751,1
2012215196,1
2012215197,0
2012215128,1
2012215199,1
2012210687,1
2012215202,1
2012210080,1
2012215204,1
2012215205,1
2012215206,1
2012215287,1
2012215288,1
2012213147,1
2012215290,1
2012215291,1
2012210158,1
2012213520,1
2012215295,0
2012215296,1
2012213524,1
2012215298,1
2012215299,1
2012215300,1
2012213529,1
2012215302,1
2012215303,1
2012213563,1
2012215305,1
2012215306,0
2012215307,1
2012210467,1
2012213482,1
2012215311,1
2012215312,1
2012213587,1
2012211723,1
2012215315,1
2012212502,1
2012215317,1
2012210812,1
2012215319,1
2012215320,0
2012215321,0
2012215322,1
2012215323,1
2012215324,1
2012210822,1
2012215326,1
2012215327,1
2012211105,1
2012213648,1
2012215330,1
2012215331,1
2012215333,1
2012213656,1
2012210909,1
2012215338,1
2012215339,1
2012215340,1
2012215341,1
2012210602,1
2012215344,1
2012215346,1
2012215347,0
2012215456,1
2012215349,1
2012213635,1
2012213644,1
2012215410,0
2012215451,1
2012213677,1
2012210536,1
2012215454,1
2012212677,1
2012215684,1
2012215725,1
2012215819,1
2012215459,1
2012212451,1
2012215462,1
2012213506,1
2012215464,1
2012215465,1
2012215466,1
2012214280,1
2012215469,1
2012214360,1
2012215471,1
2012215472,1
2012215473,1
2012215474,1
2012214445,1
2012214098,1
2012211603,1
2012215484,1
2012215485,1
2012215486,1
2012214177,1
2012215488,1
2012215732,1
2012215883,1
2012215494,1
2012215724,1
2012215750,1
2012210981,1
2012215499,1
2012210421,1
2012215502,0
2012211509,1
2012210077,1
2012210174,0
2012211563,1
2012210772,1
2012214750,1
2012211741,1
2012211149,1
2012211189,1
2012215717,1
2012211291,0
2012215863,1
2012211413,1
2012211222,1
2012211693,1
2012211570,0
2012211679,0
2012214742,1
2012211604,1
2012211684,1
2012211685,1
2012211334,1
2012211687,0
2012211688,1
2012211689,0
2012211437,1
2012214931,1
2012211692,0
2012216089,1
2012210867,1
2012211695,1
2012211696,1
2012211697,1
2012211698,0
2012211699,1
2012211700,1
2012211701,1
2012211702,1
2012215768,1
2012211704,0
2012215886,1
2012215892,1
2012211388,1
2012211708,1
2012211709,1
2012211710,1
2012211711,1
2012211712,1
2012210625,1
2012211714,1
2012210655,1
2012211716,0
2012210668,1
2012211718,1
2012211721,1
2012211722,0
2012210677,1
2012210683,1
2012214667,1
2012214164,1
2012215985,1
2012211729,1
2012213817,1
2012211460,1
2012211733,0
2012211734,0
2012211246,1
2012211737,1
2012211738,0
2012211739,1
2012211740,0
2012211249,1
2012211742,1
2012214748,1
2012211744,1
2012211745,1
2012211746,0
2012211747,0
2012214260,1
2012214265,1
2012211751,0
2012214319,1
2012215859,1
2012214543,1
2012214568,1
2012211757,0
2012215007,1
2012211759,1
2012214632,1
2012211761,1
2012211762,1
2012211763,0
2012214640,1
2012211766,1
2012214749,1
2012211768,1
2012214456,1
2012211771,0
2012211772,0
2012211773,1
2012211774,0
2012211775,0
2012211776,1
2012214612,1
2012211778,0
2012211779,1
2012211780,1
2012211781,1
2012211782,0
2012213637,1
2012211785,1
2012211786,1
2012211787,1
2012213711,1
2012211789,0
2012211790,1
2012211791,0
2012213748,1
2012215757,1
2012215799,1
2012213014,1
2012211797,0
2012214273,1
2012211799,1
2012211800,0
2012211802,1
2012211806,0
2012214328,1
2012211808,1
2012211809,0
2012213915,1
2012211811,0
2012213360,1
2012211813,0
2012213518,1
2012211815,1
2012211816,0
2012211817,1
2012211818,1
2012214232,1
2012211820,1
2012215782,1
2012211822,0
2012212845,1
2012215715,1
2012211825,1
2012211826,1
2012214910,1
2012215957,1
2012211829,1
2012211756,1
2012211831,0
2012211832,1
2012210022,1
2012211834,0
2012211835,0
2012210049,1
2012210297,1
2012211838,0
2012210328,1
2012210454,1
2012210457,1
2012211842,1
2012211843,0
2012210461,1
2012211845,1
2012211846,1
2012210533,1
2012212993,1
2012211329,1
2012211852,0
2012211344,1
2012211854,0
2012211362,1
2012211856,1
2012211857,0
2012211858,1
2012211860,1
2012212556,1
2012212783,1
2012211864,1
2012211865,1
2012211866,1
2012211867,1
2012211868,0
2012211869,0
2012211870,1
2012211871,1
2012211872,1
2012213303,1
2012211874,1
2012211875,1
2012211876,1
2012211877,1
2012211878,1
2012214580,1
2012214679,1
2012215079,1
2012215244,1
2012211884,1
2012211885,0
2012211886,1
2012211887,1
2012211972,1
2012211889,1
2012211891,1
2012211892,0
2012212257,1
2012211894,1
2012211895,1
2012215578,1
2012215620,1
2012215625,1
2012211899,0
2012211900,0
2012211902,1
2012215766,1
2012214026,1
2012211905,1
2012211906,1
2012211907,1
2012211908,1
2012211909,0
2012211910,1
2012211911,1
2012211912,1
2012211913,1
2012215903,1
2012211915,1
2012211916,1
2012211917,0
2012213026,1
2012211919,0
2012211920,1
2012211921,1
2012211922,1
2012213035,1
2012213059,1
2012211925,0
2012212831,1
2012210342,1
2012211929,1
2012210368,1
2012210446,1
2012210479,1
2012211934,1
2012211935,0
2012211936,1
2012210682,1
2012212480,1
2012211939,1
2012211940,0
2012211941,1
2012211942,1
2012211943,1
2012211944,1
2012212635,1
2012211946,1
2012211769,1
2012211949,1
2012212240,1
2012212258,1
2012211952,1
2012211953,1
2012212280,1
2012211955,0
2012211956,1
2012212820,1
2012211958,1
2012212856,1
2012211960,1
2012213527,1
2012211830,1
2012213113,1
2012211964,1
2012212597,1
2012215537,1
2012211967,1
2012211968,1
2012211969,1
2012215579,1
2012211971,1
2012211950,1
2012211973,1
2012211974,0
2012215143,1
2012211976,1
2012211567,1
2012211978,0
2012212582,1
2012211980,1
2012215212,1
2012211982,1
2012211983,1
2012213072,1
2012210108,1
2012211987,1
2012215497,1
2012211235,1
2012213125,1
2012211991,1
2012213078,1
2012211993,1
2012215840,1
2012210009,1
2012211996,1
2012211997,1
2012211017,1
2012211999,0
2012212000,1
2012214722,1
2012212002,1
2012212003,1
2012212005,1
2012212006,1
2012212007,1
2012212008,1
2012214526,1
2012212010,0
2012212218,1
2012212012,1
2012210384,1
2012212014,1
2012212015,1
2012212016,1
2012210749,1
2012212439,1
2012212021,1
2012210047,1
2012212024,1
2012212025,1
2012210094,1
2012212027,0
2012210170,1
2012212030,1
2012210224,1
2012212032,1
2012210423,1
2012212034,1
2012212497,1
2012212613,1
2012211948,1
2012212038,1
2012213041,1
2012212040,1
2012211374,1
2012212042,0
2012212043,1
2012212044,1
2012212045,1
2012215041,1
2012212047,1
2012211403,1
2012212049,0
2012212050,0
2012214789,1
2012212052,1
2012212053,1
2012212054,0
2012212055,1
2012212018,1
2012214197,1
2012214235,1
2012214242,1
2012212060,0
2012212061,1
2012214251,1
2012212064,1
2012212065,1
2012214845,1
2012212067,1
2012212068,1
2012212070,1
2012214917,1
2012214961,1
2012214981,1
2012214982,1
2012212075,1
2012214987,1
2012215019,1
2012212080,1
2012215021,1
2012212082,0
2012215215,1
2012212084,1
2012212085,1
2012212086,0
2012212087,1
2012212088,1
2012212089,1
2012212090,0
2012215252,1
2012212092,1
2012212093,0
2012212094,1
2012212095,1
2012212096,1
2012212097,1
2012212098,1
2012215253,1
2012212100,1
2012212101,1
2012212102,1
2012212103,1
2012212104,1
2012215468,1
2012212106,1
2012212107,1
2012211898,1
2012212443,1
2012212730,1
2012212112,1
2012212113,1
2012212116,0
2012212117,1
2012210315,1
2012212119,1
2012212120,1
2012212121,1
2012212122,1
2012212123,1
2012212124,1
2012212857,1
2012212126,0
2012212127,1
2012212128,1
2012211523,1
2012212130,1
2012212748,1
2012212901,1
2012212133,1
2012212134,1
2012212135,1
2012212136,1
2012212137,1
2012212138,1
2012211448,1
2012212140,1
2012212141,0
2012211285,1
2012212488,1
2012212144,1
2012210401,1
2012212146,1
2012210409,1
2012215658,1
2012212149,1
2012212150,0
2012212151,1
2012213745,1
2012212153,1
2012211253,1
2012212155,0
2012212156,1
2012212157,1
2012212158,1
2012214304,1
2012210904,1
2012212161,1
2012210907,1
2012210404,1
2012212164,1
2012213393,1
2012215748,1
2012212168,1
2012212169,0
2012210633,1
2012212171,1
2012212172,1
2012212173,1
2012210640,1
2012214054,1
2012212176,0
2012212178,1
2012212179,1
2012212180,1
2012212181,1
2012212182,1
2012210743,1
2012211410,1
2012212185,1
2012212186,1
2012212187,1
2012212188,1
2012212535,1
2012212190,1
2012212191,1
2012212192,0
2012212194,0
2012212195,1
2012215740,1
2012212197,0
2012212198,1
2012210144,1
2012212200,0
2012212201,1
2012212202,0
2012212204,1
2012212205,1
2012212206,1
2012212207,1
2012212208,0
2012212209,1
2012215039,1
2012212212,1
2012215808,1
2012215037,1
2012215611,1
2012212217,1
2012212968,1
2012212220,1
2012214828,1
2012215565,1
2012212225,1
2012212226,1
2012212227,1
2012211155,1
2012212229,1
2012215641,1
2012212231,1
2012212232,1
2012212233,1
2012212234,0
2012212235,1
2012214207,1
2012211504,1
2012212239,1
2012210618,1
2012215540,1
2012212242,1
2012210205,1
2012212244,1
2012214005,1
2012212246,1
2012212247,1
2012212248,1
2012212249,1
2012212250,1
2012212251,1
2012211495,1
2012210377,1
2012212254,1
2012212255,1
2012212414,1
2012213663,1
2012214604,1
2012212259,1
2012212260,1
2012212261,1
2012215016,1
2012215046,1
2012212264,1
2012212265,1
2012212266,0
2012211767,1
2012212077,1
2012212269,1
2012212270,1
2012212271,1
2012212272,1
2012212267,1
2012215428,1
2012212275,1
2012212276,1
2012212277,1
2012212278,1
2012212279,1
2012215548,1
2012215891,1
2012212282,1
2012213975,1
2012212284,1
2012216043,1
2012212286,1
2012212236,1
2012210187,1
2012212289,1
2012212290,1
2012214022,1
2012212292,1
2012212293,1
2012212294,1
2012212295,1
2012212296,1
2012214717,1
2012212298,1
2012212299,1
2012212300,1
2012216002,1
2012212919,1
2012212303,0
2012212304,1
2012215969,1
2012212306,1
2012212307,1
2012211574,1
2012211195,1
2012212310,1
2012212311,1
2012212671,1
2012212313,1
2012210213,1
2012215170,1
2012214059,1
2012212318,1
2012212320,1
2012212321,1
2012210387,1
2012212323,1
2012212324,1
2012215877,1
2012212326,1
2012213080,1
2012212328,1
2012212329,1
2012212330,1
2012212331,1
2012214761,1
2012212333,1
2012215191,1
2012212335,1
2012212336,1
2012212337,1
2012212338,1
2012212339,1
2012213810,1
2012210323,1
2012212343,1
2012212716,1
2012212345,1
2012212346,1
2012212327,1
2012210628,1
2012210166,1
2012212350,0
2012212166,1
2012212352,1
2012213266,1
2012212354,1
2012212355,1
2012210286,1
2012212357,1
2012212358,1
2012213490,1
2012212360,0
2012213670,1
2012212363,0
2012212364,1
2012212365,1
2012212366,1
2012212368,1
2012212238,1
2012212370,1
2012212371,1
2012211270,1
2012212374,1
2012212375,1
2012212376,1
2012214505,1
2012214817,1
2012212379,0
2012210563,1
2012212664,1
2012212435,1
2012212501,1
2012212604,1
2012212610,1
2012214213,1
2012213075,1
2012215682,1
2012213278,1
2012213481,1
2012215691,1
2012213627,1
2012213633,1
2012214020,1
2012214112,1
2012211932,1
2012210044,1
2012214194,0
2012214211,1
2012214767,1
2012214964,1
2012215012,1
2012215141,0
2012211219,1
2012215411,0
2012215414,1
2012215424,0
2012215491,1
2012210782,1
2012215609,1
2012215631,1
2012215843,1
2012215847,1
2012215938,1
2012215919,1
2012215970,1
2012215352,1
2012215705,1
2012215357,1
2012215359,1
2012215360,1
2012215361,1
2012215363,1
2012212747,1
2012215365,1
2012215366,1
2012215367,1
2012210558,1
2012215370,1
2012215371,1
2012215372,1
2012215373,1
2012215374,0
2012215375,0
2012215376,1
2012215377,1
2012215378,1
2012215379,1
2012212485,1
2012215382,1
2012215383,1
2012215385,1
2012215386,1
2012215387,1
2012215389,1
2012212679,1
2012215391,1
2012215393,1
2012215394,1
2012212818,1
2012215398,1
2012215399,1
2012215400,1
2012215401,1
2012212210,1
2012215403,1
2012215404,1
2012212222,1
2012215406,1
2012215407,1
2012215408,1
2012215409,1
2012215412,1
2012215413,1
2012212131,1
2012215416,1
2012212628,1
2012215418,0
2012214516,1
2012215420,1
2012211732,1
2012212351,1
2012215425,0
2012215426,1
2012215427,1
2012213016,1
2012211735,1
2012215430,1
2012215432,0
2012215435,1
2012215436,1
2012215437,1
2012215438,1
2012212611,1
2012211783,1
2012215442,1
2012215444,1
2012211853,1
2012215446,1
2012215450,1
2012215503,1
2012215504,1
2012215505,1
2012215506,1
2012212245,1
2012214127,1
2012215510,1
2012215511,1
2012215512,0
2012215513,1
2012215514,1
2012211348,1
2012215516,1
2012215517,1
2012215518,1
2012215066,1
2012213205,1
2012215521,1
2012211706,1
2012212099,1
2012215524,1
2012215525,1
2012215526,1
2012215527,1
2012212013,1
2012212189,1
2012215530,1
2012215531,1
2012215532,0
2012214205,1
2012215534,1
2012215535,1
2012215536,1
2012215495,1
2012215538,1
2012215539,1
2012213571,1
2012215541,1
2012215542,1
2012215544,1
2012213582,1
2012214587,1
2012210267,1
2012215549,1
2012215550,1
2012215551,1
2012215552,0
2012212385,1
2012215554,1
2012215556,1
2012215557,1
2012212396,1
2012213417,1
2012214522,1
2012213892,1
2012215564,1
2012213906,1
2012215567,1
2012215570,0
2012215571,0
2012211205,1
2012215704,1
2012215574,1
2012215575,1
2012215576,1
2012215577,1
2012215813,1
2012215858,1
2012215580,1
2012215581,1
2012215868,1
2012215583,1
2012213314,1
2012215587,1
2012213247,1
2012210006,1
2012215591,1
2012215592,0
2012215593,1
2012215595,1
2012215596,1
2012215597,1
2012215598,1
2012215599,1
2012215600,1
2012213535,1
2012215602,1
2012212423,1
2012211691,1
2012212213,1
2012211594,1
2012210929,1
2012215610,1
2012212528,1
2012215612,1
2012215613,1
2012215614,1
2012210305,1
2012215617,1
2012215619,1
2012211252,1
2012215622,1
2012215623,1
2012215624,1
2012215480,1
2012215626,1
2012215627,1
2012215628,1
2012215629,1
2012215632,1
2012215634,1
2012215635,1
2012215636,1
2012215637,1
2012215638,1
2012215640,1
2012212704,1
2012213612,1
2012215643,1
2012215644,1
2012213725,1
2012215005,1
2012212824,1
2012213419,1
2012214239,1
2012213011,1
2012215558,1
2012211328,1
2012214488,1
2012215652,1
2012215653,1
2012215654,1
2012215655,1
2012215656,1
2012214571,1
2012214574,1
2012214268,1
2012210953,1
2012215661,0
2012215662,1
2012212332,1
2012210264,1
2012215980,1
2012211406,1
2012214191,1
2012210428,1
2012215673,0
2012215674,1
2012215675,1
2012215959,1
2012215914,1
2012211001,1
2012214711,1
2012215683,1
2012211596,1
2012214351,1
2012210950,1
2012210901,1
2012215077,1
2012215690,1
2012211394,1
2012215692,1
2012212159,1
2012213909,1
2012215695,1
2012215952,1
2012215698,1
2012215699,1
2012214643,1
2012215701,1
2012212825,1
2012215546,1
2012210160,1
2012214815,1
2012211637,1
2012214802,1
2012215708,1
2012215709,0
2012215710,1
2012214806,1
2012213268,1
2012210958,1
2012214886,1
2012214929,1
2012214812,1
2012214969,1
2012213434,1
2012211796,1
2012214418,1
2012210116,1
2012210024,1
2012214036,1
2012213671,1
2012215727,1
2012214520,1
2012215522,1
2012213776,1
2012214545,1
2012212776,1
2012212892,1
2012215734,1
2012212789,1
2012215131,1
2012215164,1
2012214970,1
2012212873,1
2012211849,1
2012213994,1
2012211881,1
2012214146,1
2012215744,1
2012212287,1
2012215746,1
2012212381,1
2012215852,1
2012212056,1
2012211918,1
2012212624,1
2012211833,1
2012212356,1
2012215755,1
2012215756,1
2012212301,1
2012215758,1
2012215760,1
2012212199,1
2012212322,1
2012211247,1
2012210674,1
2012211777,1
2012211836,1
2012215767,1
2012212011,1
2012211903,1
2012215770,1
2012215771,1
2012215772,1
2012215773,1
2012215774,1
2012211931,1
2012215776,1
2012215777,0
2012215778,1
2012212183,1
2012215780,1
2012210580,1
2012211640,1
2012215784,1
2012215785,1
2012211795,1
2012211945,1
2012215788,1
2012215790,1
2012212406,1
2012215792,1
2012215553,1
2012210191,1
2012215237,1
2012215796,1
2012210398,1
2012215200,1
2012211395,1
2012211828,1
2012211686,1
2012213452,1
2012213476,1
2012215804,1
2012213591,1
2012215806,1
2012211923,1
2012212359,1
2012211998,1
2012215810,1
2012210480,1
2012211965,1
2012212697,1
2012212051,1
2012215815,1
2012211812,1
2012211717,1
2012211458,1
2012211989,1
2012215198,1
2012210700,1
2012214613,1
2012215666,1
2012211445,1
2012211483,1
2012215996,1
2012210714,1
2012210689,1
2012213195,1
2012211794,1
2012215833,1
2012212058,1
2012215835,1
2012212036,1
2012215837,1
2012215838,1
2012215839,1
2012211743,1
2012215841,1
2012215842,1
2012215844,1
2012215845,1
2012212514,1
2012212268,1
2012215606,1
2012215850,1
2012212593,1
2012211814,1
2012212057,1
2012215854,1
2012213521,1
2012212317,1
2012212956,1
2012212273,1
2012210233,1
2012215860,1
2012210290,1
2012210490,1
2012211713,1
2012211730,1
2012212291,1
2012214165,1
2012214137,1
2012213305,1
2012215870,1
2012212362,1
2012210276,1
2012215873,1
2012211807,1
2012215876,1
2012211181,1
2012215878,1
2012215280,1
2012215831,1
2012213326,1
2012212243,1
2012211821,1
2012215884,1
2012211981,1
2012212221,1
2012214669,1
2012212215,1
2012215889,0
2012212062,1
2012211703,1
2012211880,1
2012215893,1
2012212125,1
2012215895,1
2012215896,1
2012210146,1
2012213135,1
2012210111,1
2012212568,1
2012210585,1
2012212880,1
2012213908,0
2012212479,1
2012213912,1
2012211282,1
2012210140,1
2012213792,1
2012213916,1
2012213917,0
2012213919,1
2012213920,0
2012215171,1
2012213922,1
2012213923,1
2012213924,1
2012213926,1
2012213927,1
2012213928,1
2012213929,1
2012213930,1
2012215318,1
2012213932,1
2012213933,1
2012214171,1
2012213937,1
2012214477,1
2012213939,1
2012213941,0
2012213943,0
2012213945,1
2012214362,1
2012213947,1
2012213948,1
2012214598,1
2012214517,1
2012213951,1
2012213952,1
2012214395,1
2012213954,1
2012213955,1
2012213956,1
2012213957,1
2012213958,0
2012213173,1
2012214352,1
2012212551,1
2012215036,1
2012213964,1
2012213953,1
2012214943,1
2012213968,0
2012214599,1
2012214394,1
2012213971,1
2012213972,1
2012213973,1
2012212626,1
2012210750,1
2012213977,1
2012213978,1
2012213979,1
2012213980,1
2012213981,1
2012213982,1
2012213983,1
2012213985,0
2012213986,1
2012213987,1
2012213988,1
2012213989,1
2012213990,1
2012211081,1
2012213992,1
2012213993,0
2012214331,1
2012212546,1
2012213997,1
2012213082,1
2012214001,1
2012214523,1
2012214610,1
2012215210,1
2012214008,0
2012214010,1
2012215645,1
2012214014,1
2012214015,1
2012214016,1
2012214018,1
2012210373,1
2012214023,1
2012214024,1
2012214519,1
2012214465,1
2012214027,0
2012214028,1
2012214030,1
2012214340,1
2012214396,1
2012211798,1
2012214606,1
2012214035,0
2012212163,1
2012214037,1
2012212214,1
2012214039,1
2012211752,1
2012211914,1
2012212542,1
2012214043,0
2012212665,1
2012215358,1
2012211970,1
2012214049,1
2012212424,1
2012214051,1
2012214052,0
2012212449,1
2012214056,1
2012213255,1
2012214084,1
2012210005,1
2012214061,1
2012214062,1
2012214167,1
2012212111,1
2012214066,0
2012211715,1
2012214070,1
2012214155,1
2012214072,1
2012214073,0
2012211893,1
2012210295,1
2012212515,1
2012214079,1
2012214080,1
2012212165,1
2012211423,1
2012211749,1
2012212929,1
2012211725,1
2012214086,1
2012214087,1
2012214088,1
2012214090,1
2012214091,1
2012212256,1
2012212059,1
2012214095,1
2012214096,1
2012214097,1
2012211928,1
2012212347,1
2012210148,1
2012214104,1
2012212281,1
2012211975,1
2012212139,1
2012211992,1
2012211690,1
2012214114,1
2012214116,1
2012214117,1
2012213194,1
2012214119,1
2012214120,1
2012215369,1
2012214122,1
2012212629,1
2012214124,1
2012214125,1
2012212369,1
2012212772,1
2012214129,0
2012214130,1
2012212565,1
2012214132,1
2012214133,1
2012210483,1
2012213526,1
2012214136,1
2012214966,1
2012214138,1
2012214139,1
2012214140,1
2012213010,1
2012214142,1
2012214143,1
2012212896,1
2012214147,1
2012214148,1
2012214149,0
2012214150,0
2012214151,1
2012214152,0
2012212632,1
2012214154,1
2012214432,1
2012214156,1
2012214157,1
2012210987,1
2012214159,1
2012214435,1
2012212017,1
2012214162,1
2012211896,1
2012215483,1
2012214166,1
2012211810,1
2012214168,1
2012214170,1
2012211979,1
2012213190,1
2012214173,1
2012214174,1
2012211985,1
2012214176,1
2012214178,1
2012214179,1
2012214180,0
2012214181,1
2012214183,1
2012214185,0
2012212791,1
2012213996,1
2012212721,1
2012214189,0
2012214469,1
2012215562,1
2012215738,1
2012210041,1
2012214198,1
2012214199,1
2012210074,1
2012211148,1
2012214202,1
2012214203,1
2012212773,1
2012214529,1
2012215584,1
2012214209,1
2012214210,1
2012214212,1
2012216073,1
2012214215,1
2012214216,1
2012215543,1
2012214934,1
2012215902,1
2012215265,1
2012215267,1
2012215274,1
2012215275,1
2012215907,1
2012210739,1
2012215909,1
2012210796,1
2012213949,1
2012214092,1
2012215915,1
2012212935,1
2012210280,1
2012215922,1
2012215923,1
2012213398,1
2012215925,1
2012212378,1
2012215457,1
2012215928,1
2012213602,1
2012215930,0
2012215931,1
2012214509,1
2012212792,1
2012212760,1
2012215937,1
2012212252,1
2012215941,1
2012215943,1
2012215944,1
2012215945,1
2012215946,1
2012215948,1
2012215949,0
2012212717,1
2012214450,1
2012212793,1
2012215956,1
2012215898,1
2012215958,1
2012211839,1
2012212037,1
2012212309,1
2012212314,1
2012212154,1
2012215964,1
2012215965,1
2012215966,1
2012215967,1
2012215968,1
2012212162,1
2012211760,1
2012212174,1
2012211513,1
2012215974,1
2012215975,0
2012212752,1
2012214011,1
2012215978,1
2012211750,1
2012211533,1
2012216025,1
2012215982,1
2012215984,1
2012212696,1
2012215986,1
2012210777,1
2012215989,1
2012214389,1
2012215991,1
2012215992,1
2012215993,1
2012215994,1
2012214452,1
2012215761,1
2012215997,1
2012215998,1
2012215999,1
2012212305,1
2012216003,1
2012216004,1
2012216005,1
2012216007,1
2012212334,1
2012216009,1
2012216010,1
2012216011,1
2012216012,1
2012216013,1
2012216015,1
2012216016,0
2012216017,1
2012216018,1
2012216019,0
2012216020,1
2012211705,1
2012216022,1
2012216023,1
2012213950,1
2012212859,1
2012216026,1
2012216027,0
2012212720,1
2012216030,1
2012212726,1
2012216032,1
2012216033,1
2012216034,1
2012216035,1
2012212728,1
2012216037,1
2012216038,1
2012216039,1
2012216040,1
2012216041,1
2012216042,1
2012212740,1
2012216044,1
2012212745,1
2012212765,1
2012216048,1
2012216049,1
2012216051,1
2012216052,1
2012216053,1
2012216054,1
2012216056,1
2012216058,1
2012212778,1
2012216060,1
2012216061,1
2012216062,1
2012216063,1
2012216064,1
2012216065,1
2012216067,1
2012216068,1
2012216069,1
2012216070,1
2012216071,1
2012216072,1
2012212784,1
2012216074,1
2012216075,1
2012216076,1
2012216077,1
2012216078,1
2012216079,0
2012216080,1
2012216081,1
2012216082,1
2012216083,1
2012216084,1
2012216085,1
2012216086,1
2012216087,1
2012216088,1
2012212785,1
2012216090,0
2012216091,1
2012216092,1
2012216093,1
2012216094,1
2012216095,1
2012216096,1
2012212795,1
2012212674,1
2012210526,1
2012212946,0
2012212947,0
2012215528,1
2012212951,0
2012212952,1
2012212953,1
2012212954,1
2012210638,1
2012214201,1
2012214829,1
2012212960,1
2012212962,0
2012212863,1
2012212966,1
2012213149,1
2012214867,1
2012212033,1
2012212971,1
2012213438,1
2012212973,1
2012214740,1
2012212976,1
2012212977,1
2012212978,1
2012212979,1
2012211407,1
2012214123,1
2012212983,1
2012211197,1
2012212987,1
2012212988,1
2012212989,1
2012212990,1
2012215060,1
2012212992,1
2012214646,1
2012212995,1
2012212996,0
2012215529,1
2012215816,1
2012210621,1
2012213003,1
2012210477,1
2012213005,1
2012213006,1
2012213008,1
2012215417,1
2012214584,1
2012210705,1
2012214390,1
2012213015,1
2012213681,1
2012213355,1
2012213018,1
2012213019,1
2012213020,1
2012213400,1
2012213022,1
2012213023,1
2012213024,1
2012213025,1
2012213458,1
2012213027,1
2012213028,1
2012213029,1
2012213030,1
2012213031,0
2012213032,1
2012214462,1
2012213034,1
2012214541,1
2012214338,1
2012213037,1
2012213910,1
2012211191,1
2012213040,0
2012211930,1
2012213042,1
2012215509,1
2012213044,1
2012213045,1
2012213046,1
2012213047,1
2012215115,1
2012214376,1
2012212802,1
2012213051,1
2012215851,1
2012210194,1
2012213055,1
2012213056,1
2012213057,1
2012210684,1
2012210646,1
2012213061,1
2012215990,1
2012213063,1
2012213064,1
2012213065,1
