sno,poor_levlel,is_poor
2012104676,2,1
201210857,1,1
2012113080,1,1
2012113173,2,1
201211393,1,1
2012140962,1,1
2012210005,1,1
2012210009,3,1
2012210012,1,1
2012210014,1,1
2012210015,3,1
2012210016,1,1
2012210018,3,1
2012210019,2,1
2012210027,3,1
2012210034,2,1
2012210041,2,1
2012210044,2,1
2012210047,2,1
2012210049,2,1
2012210053,3,1
2012210054,3,1
2012210056,1,1
2012210059,2,1
2012210061,3,1
2012210065,1,1
2012210067,1,1
2012210068,2,1
2012210071,2,1
2012210073,1,1
2012210076,2,1
2012210077,1,1
2012210078,1,1
2012210080,3,1
2012210084,3,1
2012210086,2,1
2012210087,2,1
2012210088,3,1
2012210089,3,1
2012210090,2,1
2012210091,2,1
2012210094,1,1
2012210095,1,1
2012210096,1,1
2012210101,2,1
2012210103,2,1
2012210106,2,1
2012210107,1,1
2012210108,2,1
2012210113,2,1
2012210116,1,1
2012210120,2,1
2012210122,2,1
2012210124,1,1
2012210127,2,1
2012210131,2,1
2012210132,2,1
2012210134,2,1
2012210135,2,1
2012210143,2,1
2012210144,3,1
2012210146,1,1
2012210147,2,1
2012210148,2,1
2012210149,2,1
2012210150,2,1
2012210151,3,1
2012210152,3,1
2012210154,1,1
2012210155,2,1
2012210156,3,1
2012210157,1,1
2012210159,3,1
2012210164,2,1
2012210165,2,1
2012210168,1,1
2012210170,3,1
2012210175,2,1
2012210179,2,1
2012210184,2,1
2012210188,1,1
2012210189,1,1
2012210195,1,1
2012210199,1,1
2012210205,2,1
2012210206,1,1
2012210210,2,1
2012210211,3,1
2012210213,3,1
2012210215,1,1
2012210218,1,1
2012210220,2,1
2012210221,3,1
2012210224,3,1
2012210227,1,1
2012210232,3,1
2012210233,2,1
2012210238,1,1
2012210247,2,1
2012210252,1,1
2012210254,2,1
2012210256,2,1
2012210257,2,1
2012210271,1,1
2012210277,2,1
2012210278,2,1
2012210279,1,1
2012210280,2,1
2012210283,3,1
2012210285,2,1
2012210286,3,1
2012210293,2,1
2012210296,2,1
2012210297,1,1
2012210299,2,1
2012210303,1,1
2012210304,1,1
2012210316,2,1
2012210319,1,1
2012210322,1,1
2012210324,2,1
2012210325,3,1
2012210329,3,1
2012210331,3,1
2012210332,2,1
2012210333,1,1
2012210334,3,1
2012210335,2,1
2012210336,2,1
2012210337,2,1
2012210339,3,1
2012210340,3,1
2012210341,2,1
2012210342,3,1
2012210345,1,1
2012210346,1,1
2012210348,2,1
2012210351,1,1
2012210354,2,1
2012210359,2,1
2012210360,1,1
2012210363,1,1
2012210364,3,1
2012210365,2,1
2012210366,1,1
2012210367,1,1
2012210368,2,1
2012210371,1,1
2012210373,3,1
2012210376,1,1
2012210381,3,1
2012210383,3,1
2012210384,1,1
2012210388,2,1
2012210389,2,1
2012210391,1,1
2012210392,1,1
2012210394,1,1
2012210395,1,1
2012210397,1,1
2012210398,2,1
2012210400,3,1
2012210404,2,1
2012210405,1,1
2012210406,1,1
2012210407,1,1
201221000000,2,1
2012210413,2,1
2012210417,1,1
2012210419,1,1
2012210421,1,1
2012210423,2,1
2012210425,1,1
2012210433,2,1
2012210434,1,1
2012210436,2,1
2012210437,1,1
2012210438,2,1
2012210439,1,1
2012210440,1,1
2012210442,3,1
2012210444,3,1
2012210447,1,1
2012210449,2,1
2012210452,1,1
2012210454,1,1
2012210455,1,1
2012210457,2,1
2012210458,1,1
2012210463,1,1
2012210464,2,1
2012210465,1,1
2012210466,1,1
2012210471,3,1
2012210476,1,1
2012210477,3,1
2012210478,2,1
2012210479,3,1
2012210480,1,1
2012210482,1,1
2012210487,2,1
2012210493,1,1
2012210494,2,1
2012210499,1,1
2012210500,3,1
2012210505,2,1
2012210508,2,1
2012210510,1,1
2012210511,1,1
2012210512,2,1
2012210514,3,1
2012210515,1,1
2012210521,2,1
2012210523,3,1
2012210524,1,1
2012210526,3,1
2012210528,1,1
2012210531,1,1
2012210533,1,1
2012210534,1,1
2012210536,2,1
2012210537,1,1
2012210538,2,1
2012210540,1,1
2012210541,1,1
2012210544,1,1
2012210547,3,1
2012210550,3,1
2012210552,3,1
2012210553,2,1
2012210554,2,1
2012210558,2,1
2012210561,2,1
2012210564,1,1
2012210565,1,1
2012210571,3,1
2012210572,1,1
2012210576,1,1
2012210578,2,1
2012210580,1,1
2012210582,1,1
2012210586,3,1
2012210588,1,1
2012210591,1,1
2012210595,2,1
2012210596,3,1
2012210598,1,1
2012210604,1,1
2012210607,2,1
2012210609,2,1
2012210610,2,1
2012210614,1,1
2012210619,1,1
2012210620,1,1
2012210621,1,1
2012210622,1,1
2012210625,2,1
2012210626,3,1
2012210627,2,1
2012210629,2,1
2012210630,3,1
2012210635,1,1
2012210638,1,1
2012210642,1,1
2012210643,3,1
2012210645,1,1
2012210646,1,1
2012210647,1,1
2012210648,3,1
2012210652,1,1
2012210654,1,1
2012210656,2,1
2012210657,1,1
2012210659,2,1
2012210661,1,1
2012210669,2,1
2012210672,2,1
2012210673,2,1
2012210677,1,1
2012210679,2,1
2012210680,1,1
2012210682,1,1
2012210684,1,1
2012210688,2,1
2012210693,1,1
2012210696,1,1
2012210700,2,1
2012210702,1,1
2012210703,2,1
2012210704,1,1
2012210705,1,1
2012210708,1,1
2012210710,3,1
2012210712,1,1
2012210713,1,1
2012210715,3,1
2012210718,3,1
2012210719,3,1
2012210720,2,1
2012210722,3,1
2012210724,2,1
2012210731,2,1
2012210732,2,1
2012210735,2,1
2012210737,2,1
2012210741,3,1
2012210742,3,1
2012210743,1,1
2012210744,2,1
2012210747,3,1
2012210750,1,1
2012210754,1,1
2012210756,2,1
2012210757,2,1
2012210758,1,1
2012210760,2,1
2012210771,1,1
2012210773,1,1
2012210774,3,1
2012210776,3,1
2012210777,2,1
2012210779,2,1
2012210782,3,1
2012210786,3,1
2012210788,2,1
2012210789,2,1
2012210792,1,1
2012210793,1,1
2012210795,1,1
2012210796,2,1
2012210797,2,1
2012210800,2,1
2012210803,1,1
2012210808,2,1
201221081084,2,1
201221081093,2,1
2012210812,1,1
2012210813,2,1
2012210815,2,1
2012210816,1,1
2012210821,2,1
2012210826,2,1
2012210827,2,1
2012210829,2,1
2012210832,2,1
2012210833,2,1
2012210834,2,1
2012210847,3,1
2012210854,1,1
2012210855,2,1
2012210856,2,1
2012210857,2,1
2012210861,2,1
2012210862,3,1
2012210864,3,1
2012210865,3,1
2012210866,1,1
2012210867,2,1
2012210870,3,1
2012210875,1,1
2012210878,3,1
2012210879,2,1
2012210880,2,1
2012210881,1,1
2012210887,3,1
2012210889,2,1
2012210890,2,1
2012210892,2,1
2012210893,1,1
2012210894,1,1
2012210896,1,1
2012210898,1,1
2012210900,2,1
2012210902,1,1
2012210906,2,1
2012210909,3,1
2012210910,3,1
2012210918,1,1
2012210927,1,1
2012210928,2,1
2012210931,3,1
2012210932,3,1
2012210935,1,1
2012210936,3,1
2012210939,2,1
2012210940,1,1
2012210941,2,1
2012210942,1,1
2012210946,2,1
2012210947,2,1
2012210949,2,1
2012210958,1,1
2012210960,2,1
2012210962,2,1
2012210964,1,1
2012210965,2,1
2012210966,3,1
2012210968,2,1
2012210973,3,1
2012210975,2,1
2012210977,2,1
2012210983,2,1
2012210984,1,1
2012210986,2,1
2012210989,1,1
2012210991,2,1
2012210992,1,1
2012210993,1,1
2012210998,2,1
2012211012,3,1
2012211013,3,1
2012211017,3,1
2012211029,2,1
2012211034,1,1
2012211042,3,1
2012211045,2,1
2012211050,2,1
2012211051,2,1
2012211052,3,1
2012211056,3,1
2012211059,2,1
2012211061,3,1
2012211062,1,1
2012211063,1,1
2012211064,2,1
2012211067,1,1
2012211068,2,1
2012211069,2,1
2012211070,1,1
2012211083,1,1
2012211084,3,1
2012211085,2,1
2012211086,1,1
20122110862,1,1
2012211088,3,1
2012211090,3,1
2012211091,2,1
2012211092,1,1
2012211099,2,1
2012211102,3,1
2012211103,1,1
2012211104,1,1
2012211105,2,1
2012211106,2,1
2012211108,1,1
2012211110,2,1
2012211111,1,1
2012211114,1,1
2012211115,1,1
2012211126,2,1
2012211127,2,1
2012211130,3,1
2012211134,2,1
2012211136,1,1
2012211141,1,1
2012211143,1,1
2012211146,1,1
2012211148,2,1
2012211151,1,1
2012211152,1,1
2012211154,1,1
2012211156,1,1
2012211157,2,1
2012211158,1,1
2012211159,2,1
2012211172,1,1
2012211174,2,1
2012211175,1,1
2012211182,1,1
2012211188,1,1
2012211191,3,1
2012211193,1,1
2012211195,3,1
2012211196,3,1
2012211198,2,1
2012211200,2,1
2012211208,1,1
2012211212,1,1
2012211214,1,1
2012211219,1,1
2012211222,1,1
2012211225,1,1
2012211226,1,1
2012211228,1,1
2012211229,1,1
2012211230,1,1
2012211231,2,1
2012211233,2,1
2012211235,2,1
2012211237,3,1
2012211242,1,1
2012211243,2,1
2012211244,1,1
2012211246,1,1
2012211250,2,1
2012211254,2,1
2012211258,2,1
2012211264,2,1
2012211268,1,1
2012211272,1,1
2012211278,2,1
2012211279,3,1
2012211282,1,1
2012211283,2,1
2012211287,3,1
2012211290,1,1
2012211293,3,1
2012211294,1,1
2012211303,1,1
2012211306,2,1
2012211308,1,1
2012211309,1,1
2012211312,2,1
2012211323,1,1
2012211324,1,1
2012211326,1,1
2012211331,3,1
2012211332,3,1
2012211334,3,1
2012211338,2,1
2012211340,2,1
2012211341,2,1
2012211342,2,1
2012211344,1,1
2012211345,1,1
2012211347,3,1
2012211349,1,1
201221135,1,1
2012211352,1,1
2012211354,3,1
2012211357,1,1
2012211358,1,1
2012211360,3,1
2012211361,1,1
2012211365,1,1
2012211366,2,1
2012211368,3,1
2012211369,1,1
2012211374,1,1
2012211376,2,1
2012211377,2,1
2012211380,2,1
2012211381,1,1
2012211383,1,1
2012211384,1,1
2012211385,1,1
2012211388,1,1
2012211391,2,1
2012211393,1,1
2012211395,3,1
2012211399,2,1
2012211400,2,1
2012211401,2,1
2012211402,3,1
2012211403,2,1
2012211404,1,1
2012211407,1,1
2012211408,1,1
2012211409,1,1
2012211411,1,1
2012211413,3,1
2012211417,1,1
2012211418,1,1
2012211419,2,1
2012211424,1,1
2012211428,2,1
2012211433,1,1
2012211435,2,1
2012211436,2,1
2012211437,2,1
2012211438,1,1
2012211439,2,1
2012211440,1,1
2012211443,1,1
2012211450,1,1
2012211452,2,1
2012211453,1,1
2012211454,1,1
2012211455,2,1
2012211462,1,1
2012211463,1,1
2012211464,2,1
2012211466,1,1
2012211470,3,1
2012211473,1,1
2012211474,3,1
2012211476,1,1
2012211478,3,1
2012211479,1,1
2012211481,3,1
2012211483,3,1
2012211490,2,1
2012211496,1,1
2012211500,2,1
2012211501,2,1
2012211504,2,1
2012211506,2,1
201221151063,1,1
2012211511,1,1
2012211512,2,1
2012211519,1,1
201221152029,1,1
201221152034,1,1
2012211521,2,1
2012211529,1,1
2012211530,1,1
201221153077,1,1
2012211531,3,1
2012211533,1,1
2012211536,1,1
2012211537,3,1
2012211540,3,1
2012211542,1,1
2012211543,2,1
2012211546,2,1
2012211547,2,1
2012211549,2,1
2012211550,1,1
2012211554,1,1
2012211557,1,1
2012211567,2,1
2012211570,2,1
2012211572,2,1
2012211575,2,1
2012211576,3,1
2012211578,1,1
2012211579,1,1
2012211580,2,1
2012211582,2,1
2012211583,1,1
2012211586,1,1
2012211588,1,1
2012211590,2,1
2012211595,1,1
2012211596,1,1
2012211597,1,1
2012211598,1,1
2012211600,1,1
2012211601,3,1
2012211603,1,1
2012211605,1,1
2012211607,1,1
2012211610,3,1
2012211617,2,1
2012211624,3,1
2012211628,2,1
2012211630,1,1
2012211631,1,1
2012211633,1,1
2012211636,1,1
2012211637,3,1
2012211638,1,1
2012211641,1,1
2012211642,1,1
2012211643,1,1
2012211644,2,1
2012211647,1,1
2012211650,3,1
2012211651,3,1
2012211659,1,1
2012211662,2,1
2012211663,3,1
2012211664,3,1
2012211666,2,1
2012211669,2,1
2012211675,1,1
2012211677,1,1
2012211679,1,1
2012211680,1,1
2012211681,1,1
2012211687,3,1
2012211688,3,1
2012211689,2,1
2012211691,1,1
2012211692,1,1
2012211695,1,1
2012211696,3,1
2012211697,2,1
2012211698,2,1
2012211700,2,1
2012211704,2,1
2012211705,2,1
2012211706,2,1
2012211707,1,1
2012211708,3,1
2012211709,3,1
2012211710,1,1
2012211716,2,1
2012211718,2,1
2012211720,1,1
2012211724,2,1
2012211725,1,1
2012211726,1,1
2012211729,1,1
2012211733,2,1
2012211737,3,1
2012211739,2,1
2012211740,1,1
2012211742,2,1
2012211744,2,1
2012211746,2,1
2012211747,3,1
2012211751,1,1
2012211752,3,1
2012211755,1,1
2012211756,2,1
2012211764,2,1
2012211767,3,1
2012211768,3,1
2012211769,1,1
2012211771,3,1
2012211776,2,1
2012211780,3,1
2012211781,3,1
2012211782,2,1
2012211784,2,1
2012211786,1,1
2012211787,2,1
2012211791,1,1
2012211792,1,1
2012211793,2,1
2012211796,1,1
2012211797,1,1
2012211799,3,1
2012211800,2,1
2012211803,2,1
2012211807,1,1
2012211810,3,1
2012211813,2,1
2012211814,2,1
2012211817,1,1
2012211818,1,1
2012211823,1,1
2012211824,3,1
2012211825,3,1
2012211826,2,1
2012211827,1,1
2012211828,1,1
2012211830,2,1
2012211832,2,1
2012211834,2,1
2012211836,2,1
2012211838,3,1
2012211840,1,1
2012211841,1,1
2012211842,1,1
2012211844,1,1
2012211851,2,1
2012211856,3,1
2012211860,2,1
2012211862,3,1
2012211865,2,1
2012211866,1,1
2012211870,2,1
2012211873,2,1
2012211874,1,1
2012211878,1,1
2012211879,3,1
2012211882,1,1
2012211884,2,1
2012211885,1,1
2012211886,2,1
2012211887,2,1
2012211888,3,1
2012211889,1,1
2012211893,1,1
2012211894,1,1
2012211898,1,1
2012211905,2,1
2012211909,3,1
2012211911,1,1
2012211914,1,1
2012211915,1,1
2012211918,2,1
2012211921,2,1
2012211923,3,1
2012211924,3,1
2012211925,2,1
2012211927,2,1
2012211929,1,1
2012211930,1,1
2012211931,3,1
2012211932,1,1
2012211935,1,1
2012211937,1,1
2012211938,1,1
2012211944,2,1
2012211948,2,1
2012211949,2,1
2012211950,1,1
2012211955,1,1
2012211957,1,1
2012211967,1,1
2012211968,1,1
2012211971,1,1
2012211972,1,1
2012211974,3,1
2012211977,3,1
2012211981,2,1
2012211982,2,1
2012211985,1,1
2012211990,2,1
2012211997,2,1
2012212000,2,1
2012212002,3,1
2012212003,2,1
2012212004,3,1
2012212007,1,1
2012212008,2,1
2012212009,1,1
2012212013,2,1
2012212016,1,1
2012212017,1,1
2012212018,3,1
2012212021,2,1
2012212026,2,1
2012212031,3,1
2012212035,3,1
2012212036,2,1
2012212037,3,1
2012212038,1,1
2012212039,2,1
2012212041,1,1
2012212045,1,1
2012212046,3,1
2012212048,1,1
2012212050,3,1
2012212053,1,1
2012212056,3,1
2012212057,2,1
2012212058,3,1
2012212061,2,1
2012212069,2,1
2012212070,2,1
2012212071,2,1
2012212073,2,1
2012212074,3,1
2012212079,3,1
2012212085,1,1
2012212087,2,1
2012212091,1,1
2012212096,1,1
2012212098,1,1
2012212099,2,1
2012212100,2,1
2012212101,1,1
2012212102,2,1
2012212103,1,1
2012212105,1,1
2012212109,3,1
2012212115,3,1
2012212116,3,1
2012212119,2,1
2012212121,2,1
2012212122,3,1
2012212123,3,1
2012212124,2,1
2012212126,2,1
2012212127,1,1
2012212135,1,1
2012212137,1,1
2012212138,1,1
2012212141,2,1
2012212142,2,1
2012212143,2,1
2012212144,2,1
2012212147,1,1
2012212148,2,1
2012212149,2,1
2012212152,1,1
2012212153,2,1
2012212162,2,1
2012212164,2,1
2012212167,2,1
2012212168,2,1
2012212169,2,1
2012212170,2,1
2012212176,2,1
2012212178,2,1
2012212179,3,1
2012212180,1,1
2012212181,2,1
2012212182,2,1
2012212186,2,1
2012212187,2,1
2012212188,3,1
2012212191,3,1
2012212192,1,1
2012212194,2,1
2012212196,3,1
2012212202,1,1
2012212204,3,1
2012212211,2,1
2012212215,2,1
2012212218,1,1
2012212220,3,1
2012212223,2,1
2012212224,2,1
2012212225,2,1
2012212227,1,1
2012212228,1,1
2012212233,1,1
2012212236,1,1
2012212237,2,1
2012212239,1,1
2012212240,2,1
2012212241,3,1
2012212242,3,1
2012212246,1,1
2012212248,1,1
2012212249,2,1
2012212250,3,1
2012212253,3,1
2012212255,1,1
2012212257,3,1
2012212258,2,1
2012212263,1,1
2012212265,2,1
2012212267,2,1
2012212268,2,1
2012212272,2,1
2012212274,1,1
2012212277,2,1
2012212279,2,1
2012212282,1,1
2012212284,2,1
2012212287,3,1
2012212288,2,1
2012212289,3,1
2012212290,2,1
2012212297,2,1
2012212301,1,1
2012212306,2,1
2012212308,1,1
2012212313,1,1
2012212315,2,1
2012212321,1,1
2012212323,1,1
2012212325,2,1
2012212332,3,1
2012212336,3,1
2012212337,3,1
2012212340,3,1
2012212342,2,1
2012212343,1,1
2012212344,3,1
2012212347,3,1
2012212349,2,1
2012212351,2,1
2012212352,2,1
2012212353,3,1
2012212354,3,1
2012212356,2,1
2012212360,3,1
2012212362,1,1
2012212363,1,1
2012212365,2,1
2012212370,1,1
2012212376,2,1
2012212377,2,1
2012212380,1,1
2012212382,1,1
2012212385,3,1
2012212388,2,1
2012212393,1,1
2012212397,1,1
2012212398,2,1
2012212399,1,1
2012212405,3,1
2012212408,1,1
2012212412,1,1
2012212413,3,1
2012212414,3,1
2012212416,1,1
2012212417,2,1
2012212418,2,1
2012212419,1,1
2012212422,1,1
2012212425,1,1
2012212426,1,1
2012212427,1,1
2012212428,2,1
2012212430,2,1
2012212433,3,1
2012212437,3,1
2012212438,1,1
2012212441,1,1
2012212442,2,1
2012212445,1,1
2012212447,2,1
2012212450,1,1
2012212451,1,1
2012212452,1,1
2012212456,1,1
2012212458,2,1
2012212460,1,1
2012212465,2,1
2012212466,1,1
2012212467,2,1
2012212469,1,1
2012212471,2,1
2012212474,1,1
2012212475,1,1
2012212476,3,1
2012212478,3,1
2012212479,1,1
2012212480,2,1
2012212482,1,1
2012212486,1,1
2012212488,1,1
2012212490,2,1
2012212492,1,1
2012212497,1,1
2012212498,2,1
2012212500,1,1
2012212502,1,1
2012212503,1,1
2012212505,1,1
2012212506,2,1
2012212507,3,1
2012212508,2,1
2012212510,3,1
2012212511,1,1
2012212512,1,1
2012212513,2,1
2012212515,1,1
2012212516,1,1
2012212517,2,1
2012212518,1,1
2012212519,3,1
2012212520,2,1
2012212526,2,1
2012212528,1,1
2012212529,1,1
2012212530,1,1
2012212531,2,1
2012212532,3,1
2012212533,2,1
2012212534,2,1
2012212539,1,1
2012212540,3,1
2012212543,3,1
2012212545,1,1
2012212547,1,1
2012212549,1,1
2012212550,1,1
2012212551,2,1
2012212552,1,1
2012212553,1,1
2012212554,2,1
2012212555,1,1
2012212557,2,1
2012212559,3,1
2012212561,3,1
2012212563,3,1
2012212566,2,1
2012212568,2,1
2012212570,2,1
2012212571,2,1
2012212575,2,1
2012212577,1,1
2012212578,2,1
2012212580,1,1
2012212581,1,1
2012212582,2,1
2012212586,1,1
2012212588,3,1
2012212590,1,1
2012212592,1,1
2012212594,3,1
2012212597,2,1
2012212598,1,1
2012212602,2,1
2012212603,1,1
2012212608,1,1
2012212611,2,1
2012212613,3,1
2012212620,3,1
2012212621,3,1
2012212623,2,1
2012212625,1,1
2012212626,1,1
2012212629,1,1
2012212632,1,1
2012212634,1,1
2012212635,2,1
2012212636,3,1
2012212637,2,1
2012212638,2,1
2012212642,2,1
2012212643,3,1
2012212646,2,1
2012212649,1,1
2012212650,1,1
2012212651,1,1
2012212653,1,1
2012212655,1,1
2012212661,3,1
2012212662,1,1
2012212663,1,1
2012212664,2,1
2012212670,1,1
2012212671,2,1
2012212673,1,1
2012212674,2,1
2012212676,2,1
2012212677,2,1
2012212678,1,1
2012212680,2,1
2012212681,1,1
2012212685,1,1
2012212686,1,1
2012212688,2,1
2012212689,1,1
2012212692,1,1
2012212694,2,1
2012212697,1,1
2012212698,1,1
2012212699,2,1
2012212701,3,1
2012212702,1,1
2012212703,2,1
2012212704,1,1
2012212705,3,1
2012212709,3,1
2012212710,1,1
2012212716,3,1
2012212721,3,1
2012212730,2,1
2012212731,2,1
2012212734,2,1
2012212735,1,1
2012212737,3,1
2012212738,1,1
2012212739,1,1
2012212740,1,1
2012212743,2,1
2012212744,1,1
2012212745,1,1
2012212747,1,1
2012212748,2,1
2012212750,2,1
2012212751,3,1
2012212757,1,1
2012212763,1,1
2012212764,3,1
2012212765,2,1
2012212767,2,1
2012212768,2,1
2012212772,2,1
2012212773,2,1
2012212774,1,1
2012212779,1,1
2012212780,1,1
2012212781,2,1
2012212782,2,1
2012212784,2,1
2012212785,2,1
2012212787,1,1
2012212788,1,1
2012212790,2,1
2012212793,3,1
2012212794,1,1
2012212795,1,1
2012212796,1,1
2012212797,2,1
2012212800,1,1
2012212801,1,1
2012212802,1,1
2012212804,1,1
2012212805,1,1
2012212810,3,1
2012212813,1,1
2012212815,1,1
2012212817,1,1
2012212818,3,1
2012212820,2,1
2012212822,3,1
2012212824,1,1
2012212825,2,1
2012212829,1,1
2012212830,1,1
2012212832,1,1
2012212835,1,1
2012212840,3,1
2012212843,1,1
2012212844,1,1
2012212845,1,1
2012212846,2,1
2012212847,1,1
2012212850,3,1
2012212852,3,1
2012212853,1,1
2012212854,2,1
2012212855,3,1
2012212856,3,1
2012212857,2,1
2012212858,2,1
2012212860,1,1
2012212863,1,1
2012212864,1,1
2012212865,1,1
2012212866,1,1
2012212867,1,1
2012212871,3,1
2012212872,2,1
2012212873,1,1
2012212875,1,1
2012212877,1,1
2012212881,3,1
2012212882,3,1
2012212884,2,1
2012212885,2,1
2012212886,2,1
2012212889,2,1
2012212890,2,1
2012212891,1,1
2012212892,3,1
2012212898,3,1
2012212900,1,1
2012212901,2,1
2012212915,1,1
2012212916,2,1
2012212919,1,1
2012212922,1,1
2012212924,1,1
2012212926,2,1
2012212928,3,1
2012212930,2,1
2012212937,1,1
2012212939,2,1
2012212941,2,1
2012212942,3,1
2012212943,1,1
2012212945,1,1
2012212951,3,1
2012212952,1,1
2012212953,2,1
2012212954,2,1
2012212957,2,1
2012212958,3,1
2012212961,3,1
2012212962,3,1
2012212963,1,1
2012212966,1,1
2012212967,3,1
2012212968,2,1
2012212969,3,1
201221297,3,1
2012212971,2,1
2012212972,2,1
2012212978,1,1
2012212979,2,1
2012212980,1,1
2012212981,1,1
2012212982,2,1
2012212983,1,1
2012212984,3,1
2012212985,2,1
2012212986,2,1
2012212988,1,1
2012212989,3,1
2012212992,2,1
2012212993,2,1
2012212994,1,1
2012212996,1,1
2012212997,1,1
2012213001,3,1
2012213002,3,1
2012213004,2,1
2012213006,1,1
2012213010,1,1
2012213012,2,1
2012213013,2,1
2012213014,2,1
2012213018,2,1
2012213021,1,1
2012213024,3,1
2012213026,1,1
2012213030,1,1
2012213035,1,1
2012213037,1,1
2012213041,2,1
2012213042,3,1
2012213044,2,1
2012213048,3,1
2012213050,2,1
2012213051,1,1
2012213052,2,1
2012213053,2,1
2012213054,1,1
2012213056,3,1
2012213057,1,1
2012213064,1,1
2012213069,2,1
2012213070,1,1
2012213072,2,1
2012213075,3,1
2012213078,3,1
2012213079,1,1
2012213082,1,1
2012213084,1,1
2012213088,1,1
2012213091,2,1
2012213092,2,1
2012213093,3,1
2012213095,3,1
2012213096,1,1
2012213097,1,1
2012213099,1,1
2012213101,2,1
2012213102,3,1
2012213103,3,1
2012213105,3,1
2012213106,2,1
2012213107,2,1
2012213112,2,1
2012213113,1,1
2012213115,1,1
2012213116,3,1
2012213118,1,1
2012213119,2,1
2012213121,1,1
2012213122,1,1
2012213124,1,1
2012213131,2,1
2012213133,2,1
2012213135,2,1
2012213136,1,1
2012213139,1,1
2012213141,1,1
2012213144,1,1
2012213146,1,1
2012213147,1,1
2012213148,1,1
2012213151,1,1
2012213152,1,1
2012213155,3,1
2012213156,2,1
2012213160,2,1
2012213161,2,1
2012213165,1,1
2012213166,1,1
2012213167,2,1
2012213168,2,1
2012213169,2,1
2012213171,3,1
2012213172,2,1
2012213174,3,1
2012213176,3,1
2012213177,1,1
2012213181,1,1
2012213182,2,1
2012213187,1,1
2012213188,2,1
2012213189,1,1
2012213193,1,1
2012213194,3,1
2012213204,3,1
2012213206,2,1
2012213210,2,1
2012213211,2,1
2012213212,3,1
2012213213,2,1
2012213218,2,1
2012213221,3,1
2012213222,2,1
2012213223,1,1
2012213225,2,1
2012213227,1,1
2012213228,1,1
2012213232,1,1
2012213233,3,1
2012213235,3,1
2012213236,1,1
2012213238,1,1
2012213239,3,1
2012213241,1,1
2012213244,3,1
2012213245,3,1
2012213247,2,1
2012213250,3,1
2012213252,3,1
2012213254,2,1
2012213257,2,1
2012213258,2,1
2012213261,2,1
2012213263,2,1
2012213267,2,1
2012213268,2,1
2012213269,3,1
2012213270,3,1
2012213273,1,1
2012213274,1,1
2012213279,2,1
2012213281,3,1
2012213282,1,1
2012213283,1,1
2012213287,1,1
2012213288,2,1
2012213289,2,1
2012213291,1,1
2012213292,2,1
2012213295,1,1
2012213298,1,1
2012213300,3,1
2012213301,3,1
2012213303,3,1
2012213304,2,1
2012213307,2,1
2012213310,3,1
2012213316,3,1
2012213317,3,1
2012213322,2,1
2012213323,2,1
2012213324,1,1
2012213325,1,1
2012213328,1,1
2012213331,1,1
2012213333,2,1
2012213334,2,1
2012213335,2,1
2012213336,1,1
2012213337,1,1
2012213339,2,1
2012213344,2,1
2012213345,2,1
2012213347,2,1
2012213348,1,1
2012213354,2,1
2012213355,2,1
2012213356,2,1
2012213358,2,1
2012213360,2,1
2012213365,2,1
2012213367,3,1
2012213368,1,1
2012213371,2,1
2012213372,2,1
2012213373,2,1
2012213377,2,1
2012213380,2,1
2012213382,2,1
2012213383,3,1
2012213384,3,1
2012213386,1,1
2012213396,2,1
2012213400,3,1
2012213403,1,1
2012213404,3,1
2012213405,2,1
2012213407,2,1
2012213408,1,1
2012213409,3,1
2012213410,2,1
2012213411,2,1
2012213412,2,1
2012213415,1,1
2012213419,1,1
2012213420,1,1
2012213423,1,1
2012213425,2,1
2012213426,1,1
2012213427,2,1
2012213428,2,1
2012213429,3,1
2012213437,3,1
2012213438,1,1
2012213440,1,1
2012213441,2,1
2012213442,3,1
2012213443,3,1
2012213444,1,1
2012213449,3,1
2012213451,2,1
2012213455,1,1
2012213457,2,1
2012213459,2,1
2012213461,2,1
2012213464,2,1
2012213476,1,1
2012213477,1,1
2012213478,2,1
2012213479,2,1
2012213482,1,1
2012213483,2,1
2012213484,3,1
2012213486,3,1
2012213488,2,1
2012213490,3,1
2012213491,2,1
2012213496,2,1
2012213500,1,1
2012213501,2,1
2012213505,1,1
2012213509,1,1
2012213511,2,1
2012213513,1,1
2012213515,1,1
2012213516,2,1
2012213518,3,1
2012213519,3,1
2012213523,3,1
2012213526,3,1
2012213527,2,1
2012213529,1,1
2012213533,3,1
2012213534,2,1
2012213536,2,1
2012213539,2,1
2012213544,3,1
2012213546,3,1
2012213550,3,1
2012213551,2,1
2012213552,3,1
2012213553,3,1
2012213554,1,1
2012213555,1,1
2012213560,2,1
2012213565,2,1
2012213566,1,1
2012213572,2,1
2012213574,2,1
2012213575,1,1
2012213577,1,1
2012213579,1,1
2012213582,3,1
2012213584,1,1
2012213587,2,1
2012213588,2,1
2012213589,1,1
2012213590,3,1
2012213593,3,1
2012213595,2,1
2012213598,3,1
2012213602,1,1
2012213603,3,1
2012213604,3,1
2012213610,1,1
2012213614,2,1
2012213618,2,1
2012213620,2,1
2012213622,1,1
2012213624,1,1
2012213628,1,1
2012213631,1,1
2012213632,1,1
2012213634,1,1
2012213635,1,1
2012213636,2,1
2012213637,3,1
2012213639,3,1
2012213640,1,1
2012213643,1,1
2012213645,2,1
2012213646,1,1
2012213648,2,1
2012213649,1,1
2012213651,1,1
2012213652,1,1
2012213653,1,1
2012213657,1,1
2012213669,2,1
2012213671,1,1
2012213674,2,1
2012213676,1,1
2012213677,2,1
2012213679,1,1
2012213680,1,1
2012213681,2,1
2012213682,1,1
2012213684,3,1
2012213685,1,1
2012213688,3,1
2012213697,3,1
2012213699,3,1
2012213705,3,1
2012213706,1,1
2012213707,2,1
2012213708,1,1
2012213713,1,1
2012213715,1,1
2012213716,1,1
2012213719,2,1
2012213720,1,1
2012213721,1,1
2012213722,1,1
2012213727,1,1
2012213733,1,1
2012213735,1,1
2012213740,1,1
2012213741,3,1
2012213742,1,1
2012213748,3,1
2012213750,2,1
2012213751,2,1
2012213753,3,1
2012213755,1,1
2012213756,2,1
2012213757,1,1
2012213758,1,1
2012213764,2,1
2012213769,2,1
2012213772,2,1
2012213773,2,1
2012213774,2,1
2012213776,1,1
2012213777,1,1
2012213779,2,1
2012213780,3,1
2012213782,2,1
2012213785,2,1
2012213786,2,1
2012213787,3,1
2012213788,1,1
2012213789,3,1
2012213790,1,1
2012213791,1,1
2012213798,1,1
2012213799,1,1
2012213800,1,1
2012213802,1,1
2012213805,2,1
2012213811,1,1
2012213813,2,1
2012213814,1,1
2012213815,2,1
2012213817,3,1
2012213818,3,1
2012213819,3,1
2012213820,2,1
2012213823,2,1
2012213825,2,1
2012213826,2,1
2012213830,1,1
2012213833,1,1
2012213838,3,1
2012213840,1,1
2012213842,2,1
2012213844,1,1
2012213845,3,1
2012213848,1,1
2012213850,1,1
2012213851,3,1
2012213852,3,1
2012213853,2,1
2012213854,1,1
2012213855,2,1
2012213856,3,1
2012213857,1,1
2012213858,1,1
2012213859,2,1
2012213860,2,1
2012213861,2,1
2012213862,1,1
2012213863,1,1
2012213864,1,1
2012213865,1,1
2012213866,1,1
2012213867,2,1
2012213868,1,1
2012213869,3,1
2012213870,1,1
2012213871,2,1
2012213872,3,1
2012213873,2,1
2012213874,1,1
2012213875,1,1
2012213877,1,1
2012213878,1,1
2012213886,1,1
2012213887,3,1
2012213888,1,1
2012213889,1,1
2012213892,2,1
2012213893,1,1
2012213895,2,1
2012213896,1,1
2012213897,2,1
2012213899,2,1
2012213900,2,1
2012213901,1,1
2012213906,2,1
2012213910,1,1
2012213911,1,1
2012213912,1,1
2012213913,2,1
2012213916,1,1
2012213917,2,1
2012213918,1,1
2012213919,1,1
2012213920,1,1
2012213921,2,1
2012213922,1,1
2012213923,2,1
2012213924,1,1
2012213925,3,1
2012213926,1,1
2012213928,2,1
2012213929,1,1
2012213930,1,1
2012213937,3,1
2012213939,3,1
2012213941,1,1
2012213943,3,1
2012213946,3,1
2012213949,2,1
2012213950,2,1
2012213951,2,1
2012213953,1,1
2012213955,2,1
2012213957,3,1
2012213958,2,1
2012213963,1,1
2012213966,1,1
2012213969,2,1
2012213973,1,1
2012213975,1,1
2012213977,1,1
2012213979,2,1
2012213980,1,1
2012213981,1,1
2012213982,1,1
2012213983,3,1
2012213984,3,1
2012213985,1,1
2012213988,1,1
2012213989,3,1
2012213992,2,1
2012213993,2,1
2012213995,2,1
2012213997,2,1
2012213998,1,1
2012213999,1,1
2012214002,1,1
2012214005,1,1
2012214007,1,1
2012214008,2,1
2012214010,1,1
2012214011,2,1
2012214013,2,1
2012214016,2,1
2012214017,1,1
2012214018,1,1
2012214019,1,1
2012214021,2,1
2012214022,1,1
2012214028,1,1
2012214034,1,1
2012214038,2,1
2012214040,1,1
2012214046,1,1
2012214049,1,1
2012214050,1,1
2012214052,1,1
2012214053,3,1
2012214055,3,1
2012214056,1,1
2012214061,1,1
2012214069,1,1
2012214070,3,1
2012214071,3,1
2012214078,2,1
2012214082,3,1
2012214083,3,1
2012214084,2,1
2012214085,1,1
2012214088,1,1
2012214090,1,1
2012214091,1,1
2012214092,3,1
2012214093,1,1
2012214097,1,1
20122141,1,1
2012214101,1,1
2012214102,2,1
2012214105,2,1
2012214110,1,1
2012214111,3,1
2012214117,3,1
2012214119,1,1
2012214120,1,1
2012214122,2,1
2012214123,3,1
2012214125,3,1
2012214126,3,1
2012214127,2,1
2012214128,2,1
2012214130,1,1
2012214132,1,1
2012214133,1,1
2012214135,1,1
2012214136,1,1
2012214137,1,1
2012214138,2,1
2012214148,3,1
2012214150,2,1
2012214151,1,1
2012214155,1,1
2012214156,1,1
2012214157,1,1
2012214159,1,1
2012214160,3,1
2012214161,3,1
2012214162,2,1
2012214163,2,1
2012214164,2,1
2012214165,2,1
2012214172,2,1
2012214173,2,1
2012214175,1,1
2012214176,3,1
2012214178,3,1
2012214179,1,1
2012214180,1,1
2012214182,2,1
2012214186,1,1
2012214187,2,1
2012214189,1,1
2012214192,1,1
2012214193,1,1
2012214195,1,1
2012214196,1,1
2012214199,3,1
2012214200,3,1
2012214201,2,1
2012214202,1,1
2012214204,2,1
2012214205,2,1
2012214209,3,1
2012214210,3,1
2012214211,1,1
2012214216,3,1
2012214217,3,1
2012214219,1,1
2012214222,2,1
2012214223,2,1
2012214224,3,1
2012214225,3,1
2012214228,1,1
2012214229,3,1
2012214234,2,1
2012214235,3,1
2012214239,3,1
2012214240,2,1
2012214242,1,1
2012214244,2,1
2012214249,1,1
2012214250,1,1
2012214251,2,1
2012214257,1,1
2012214263,3,1
2012214267,2,1
2012214268,2,1
2012214269,1,1
2012214270,3,1
2012214273,2,1
2012214275,2,1
2012214277,1,1
2012214278,1,1
2012214279,1,1
2012214284,3,1
2012214285,3,1
2012214290,2,1
2012214291,1,1
2012214293,1,1
2012214294,2,1
2012214295,2,1
2012214296,2,1
2012214297,2,1
2012214299,3,1
2012214300,1,1
2012214306,1,1
2012214307,1,1
2012214310,1,1
2012214311,2,1
2012214312,3,1
2012214315,2,1
2012214318,3,1
2012214323,2,1
2012214324,1,1
2012214325,2,1
2012214326,2,1
2012214327,1,1
2012214329,3,1
2012214331,1,1
2012214332,1,1
2012214334,2,1
2012214336,1,1
2012214339,2,1
2012214340,3,1
2012214342,1,1
2012214344,1,1
2012214347,1,1
2012214348,2,1
2012214350,3,1
2012214351,1,1
2012214352,1,1
2012214353,1,1
2012214354,2,1
2012214355,3,1
2012214364,3,1
2012214365,2,1
2012214366,2,1
2012214368,1,1
2012214369,1,1
2012214370,3,1
2012214371,1,1
2012214372,2,1
2012214373,1,1
2012214377,1,1
2012214378,2,1
2012214380,2,1
2012214381,2,1
2012214384,1,1
2012214385,1,1
2012214389,1,1
2012214390,1,1
2012214392,1,1
2012214394,1,1
2012214395,1,1
2012214396,1,1
2012214397,3,1
2012214405,2,1
2012214407,2,1
2012214411,1,1
2012214412,1,1
2012214413,2,1
2012214414,2,1
2012214415,2,1
2012214417,3,1
2012214420,2,1
2012214421,3,1
2012214423,1,1
2012214424,1,1
2012214430,2,1
2012214431,1,1
2012214434,2,1
2012214437,1,1
2012214438,1,1
2012214440,3,1
2012214441,2,1
2012214445,2,1
2012214446,2,1
2012214448,3,1
2012214451,2,1
2012214454,3,1
2012214455,2,1
2012214459,1,1
2012214460,1,1
2012214462,1,1
2012214464,3,1
2012214465,3,1
2012214467,1,1
2012214469,1,1
2012214471,3,1
2012214472,3,1
2012214475,2,1
2012214476,3,1
2012214479,3,1
2012214482,2,1
2012214484,2,1
2012214486,2,1
2012214488,2,1
2012214489,2,1
2012214491,3,1
2012214493,3,1
2012214494,1,1
2012214499,2,1
2012214501,1,1
2012214502,1,1
2012214507,1,1
2012214508,2,1
2012214511,2,1
2012214512,1,1
2012214513,2,1
2012214515,1,1
2012214516,1,1
2012214520,3,1
2012214522,3,1
2012214526,2,1
2012214527,2,1
2012214530,3,1
2012214531,3,1
2012214532,3,1
2012214533,2,1
2012214536,2,1
2012214540,1,1
2012214541,1,1
2012214543,1,1
2012214544,1,1
2012214546,2,1
2012214547,2,1
2012214549,2,1
2012214552,1,1
2012214553,2,1
2012214554,2,1
2012214555,1,1
2012214557,2,1
2012214558,2,1
2012214559,2,1
2012214560,2,1
2012214562,2,1
2012214564,2,1
2012214567,2,1
2012214569,2,1
2012214570,2,1
2012214571,3,1
2012214572,1,1
2012214574,2,1
2012214575,2,1
2012214576,2,1
2012214577,2,1
2012214579,2,1
2012214580,3,1
2012214581,3,1
2012214582,1,1
2012214583,2,1
2012214589,2,1
2012214590,3,1
2012214592,1,1
2012214593,3,1
2012214594,2,1
2012214595,2,1
2012214596,1,1
2012214598,3,1
2012214600,2,1
2012214601,2,1
2012214604,2,1
2012214609,1,1
2012214610,1,1
2012214612,1,1
2012214617,1,1
2012214620,2,1
2012214623,1,1
2012214624,2,1
2012214626,3,1
2012214627,3,1
2012214629,3,1
2012214634,3,1
2012214636,1,1
2012214638,2,1
2012214639,3,1
2012214640,3,1
2012214641,1,1
2012214642,3,1
2012214645,2,1
2012214646,1,1
2012214648,2,1
2012214652,2,1
2012214657,2,1
2012214658,2,1
2012214659,2,1
2012214660,1,1
2012214667,2,1
2012214668,2,1
2012214670,2,1
2012214672,1,1
2012214673,2,1
2012214674,3,1
2012214675,2,1
2012214676,3,1
2012214679,2,1
2012214681,2,1
2012214686,1,1
2012214687,2,1
2012214689,1,1
2012214691,1,1
2012214695,2,1
2012214696,1,1
2012214698,1,1
2012214710,2,1
2012214712,3,1
2012214714,3,1
2012214716,3,1
2012214718,2,1
2012214720,1,1
2012214723,3,1
2012214724,2,1
2012214725,2,1
2012214728,2,1
2012214738,3,1
2012214740,3,1
2012214742,2,1
2012214743,3,1
2012214746,1,1
2012214748,2,1
2012214750,1,1
2012214751,1,1
2012214752,2,1
2012214754,2,1
2012214755,1,1
2012214756,1,1
2012214757,3,1
2012214758,2,1
2012214759,1,1
2012214760,1,1
2012214761,2,1
2012214762,1,1
2012214767,3,1
2012214770,1,1
2012214774,3,1
2012214777,3,1
2012214779,1,1
2012214781,2,1
2012214785,2,1
2012214786,1,1
2012214787,1,1
2012214788,1,1
2012214789,1,1
2012214790,1,1
2012214794,2,1
2012214796,2,1
2012214798,3,1
2012214799,2,1
2012214800,1,1
2012214801,1,1
2012214802,1,1
2012214811,2,1
2012214813,1,1
2012214814,1,1
2012214815,1,1
2012214816,1,1
2012214817,2,1
2012214823,1,1
2012214826,1,1
2012214827,2,1
2012214828,1,1
2012214832,1,1
2012214833,1,1
2012214834,3,1
2012214836,1,1
2012214838,1,1
2012214839,3,1
2012214842,3,1
2012214843,2,1
2012214844,2,1
2012214845,1,1
2012214846,1,1
2012214847,1,1
2012214848,1,1
2012214849,1,1
2012214850,1,1
2012214851,1,1
2012214852,1,1
2012214853,1,1
2012214854,1,1
2012214855,2,1
2012214856,2,1
2012214857,2,1
2012214858,3,1
2012214861,1,1
2012214863,2,1
2012214864,1,1
2012214865,1,1
2012214867,2,1
2012214868,2,1
2012214869,2,1
2012214870,2,1
2012214871,2,1
2012214873,1,1
2012214874,1,1
2012214875,2,1
2012214877,2,1
2012214879,2,1
2012214881,1,1
2012214882,3,1
2012214883,3,1
2012214884,1,1
2012214885,1,1
2012214886,1,1
2012214887,1,1
2012214888,2,1
2012214889,1,1
2012214890,1,1
2012214893,2,1
2012214896,1,1
2012214898,2,1
2012214899,3,1
2012214900,1,1
2012214903,3,1
2012214904,2,1
2012214905,2,1
2012214908,2,1
2012214909,2,1
2012214911,1,1
2012214912,1,1
2012214914,3,1
2012214915,1,1
2012214916,1,1
2012214917,2,1
2012214918,1,1
2012214919,1,1
2012214920,3,1
2012214921,1,1
2012214922,1,1
2012214923,2,1
2012214924,3,1
2012214925,1,1
2012214926,1,1
2012214927,2,1
2012214929,2,1
2012214930,2,1
2012214931,1,1
2012214936,1,1
2012214938,1,1
2012214940,1,1
2012214941,1,1
2012214946,1,1
2012214947,2,1
2012214948,3,1
2012214950,2,1
2012214952,2,1
2012214953,3,1
2012214954,1,1
2012214956,1,1
2012214959,1,1
2012214960,3,1
2012214961,1,1
2012214962,2,1
2012214963,2,1
2012214964,2,1
2012214965,1,1
2012214973,1,1
2012214975,2,1
2012214976,1,1
2012214977,2,1
2012214978,1,1
2012214980,2,1
2012214984,2,1
2012214985,2,1
2012214987,1,1
2012214990,2,1
2012214991,1,1
2012214992,1,1
2012214996,2,1
2012214997,1,1
2012214998,1,1
2012214999,2,1
2012215000,1,1
2012215001,2,1
2012215003,1,1
2012215008,2,1
2012215010,1,1
2012215015,3,1
2012215022,1,1
2012215023,2,1
2012215025,1,1
2012215026,3,1
2012215027,2,1
2012215028,1,1
2012215029,1,1
2012215030,2,1
2012215033,1,1
2012215035,2,1
2012215036,2,1
2012215037,1,1
2012215038,3,1
2012215039,1,1
2012215041,1,1
2012215045,2,1
2012215054,1,1
2012215060,1,1
2012215061,1,1
2012215063,1,1
2012215064,1,1
2012215066,1,1
2012215067,1,1
2012215068,3,1
2012215069,1,1
2012215070,1,1
2012215072,3,1
2012215073,1,1
2012215074,2,1
2012215075,2,1
2012215076,1,1
2012215077,1,1
2012215078,1,1
2012215079,1,1
2012215080,1,1
2012215081,1,1
2012215083,2,1
2012215086,2,1
2012215087,2,1
2012215088,1,1
2012215089,1,1
2012215095,2,1
2012215097,3,1
2012215098,1,1
2012215099,1,1
2012215100,1,1
2012215101,2,1
2012215102,1,1
2012215103,1,1
2012215106,1,1
2012215108,1,1
2012215111,1,1
2012215113,3,1
2012215114,1,1
2012215116,1,1
2012215117,1,1
2012215120,3,1
2012215121,2,1
2012215130,3,1
2012215136,1,1
2012215138,2,1
2012215147,1,1
2012215152,1,1
2012215153,1,1
2012215157,3,1
2012215158,1,1
2012215159,1,1
2012215160,1,1
2012215164,2,1
2012215165,1,1
2012215172,3,1
2012215173,3,1
2012215174,3,1
2012215177,1,1
2012215179,2,1
2012215181,3,1
2012215182,3,1
2012215185,2,1
2012215187,2,1
2012215189,1,1
2012215192,1,1
2012215195,1,1
2012215197,1,1
2012215198,1,1
2012215203,3,1
2012215204,3,1
2012215206,2,1
2012215207,1,1
2012215209,1,1
2012215211,1,1
2012215212,3,1
2012215213,2,1
2012215214,2,1
2012215215,2,1
2012215217,2,1
2012215218,2,1
2012215219,1,1
2012215220,3,1
2012215221,3,1
2012215228,1,1
2012215230,2,1
2012215231,1,1
2012215232,2,1
2012215233,1,1
2012215234,1,1
2012215235,1,1
2012215238,1,1
2012215239,3,1
2012215240,2,1
2012215242,1,1
2012215243,2,1
2012215245,2,1
2012215246,3,1
2012215247,1,1
2012215248,3,1
2012215249,1,1
2012215251,2,1
2012215252,2,1
2012215253,3,1
2012215254,3,1
2012215255,1,1
2012215256,3,1
2012215257,2,1
2012215258,3,1
2012215259,3,1
2012215261,2,1
2012215263,1,1
2012215266,2,1
2012215267,1,1
2012215270,1,1
2012215272,2,1
2012215276,1,1
2012215277,3,1
2012215278,2,1
2012215279,2,1
2012215281,1,1
2012215283,3,1
2012215284,2,1
2012215289,2,1
2012215290,1,1
2012215291,1,1
2012215294,1,1
2012215295,3,1
2012215300,3,1
2012215301,2,1
2012215302,2,1
2012215308,1,1
2012215310,1,1
2012215311,2,1
2012215313,2,1
2012215316,2,1
2012215318,1,1
2012215321,3,1
2012215323,1,1
2012215324,1,1
2012215326,1,1
2012215329,1,1
2012215330,2,1
2012215336,3,1
2012215339,2,1
2012215340,3,1
2012215343,2,1
2012215345,2,1
2012215348,2,1
2012215350,1,1
2012215352,1,1
2012215356,3,1
2012215357,1,1
2012215358,2,1
2012215362,1,1
2012215363,1,1
2012215366,2,1
2012215367,3,1
2012215369,1,1
2012215370,1,1
2012215371,1,1
2012215372,2,1
2012215381,3,1
2012215382,1,1
2012215383,1,1
2012215391,1,1
2012215394,2,1
2012215397,2,1
2012215398,3,1
2012215399,3,1
2012215400,2,1
2012215410,2,1
2012215411,1,1
2012215415,1,1
2012215416,3,1
2012215420,1,1
2012215423,1,1
2012215428,1,1
2012215429,1,1
2012215441,2,1
2012215443,2,1
2012215444,2,1
2012215450,1,1
2012215454,1,1
2012215455,1,1
2012215456,1,1
2012215459,1,1
2012215460,1,1
2012215461,1,1
2012215464,3,1
2012215466,2,1
2012215471,2,1
2012215473,2,1
2012215474,2,1
2012215476,1,1
2012215480,2,1
2012215482,2,1
2012215484,3,1
2012215487,3,1
2012215491,2,1
2012215492,3,1
2012215493,1,1
2012215495,1,1
2012215496,2,1
2012215497,1,1
2012215499,2,1
2012215504,1,1
2012215508,1,1
2012215510,3,1
2012215513,2,1
2012215519,2,1
2012215524,3,1
2012215525,2,1
2012215530,3,1
2012215539,2,1
2012215543,1,1
2012215546,1,1
2012215554,1,1
2012215556,3,1
2012215558,1,1
2012215563,1,1
2012215565,3,1
2012215567,3,1
2012215569,2,1
2012215572,3,1
2012215573,2,1
2012215576,2,1
2012215577,2,1
2012215578,2,1
2012215580,2,1
2012215584,3,1
2012215587,3,1
2012215589,3,1
2012215590,1,1
2012215593,2,1
2012215598,3,1
2012215599,1,1
2012215602,1,1
2012215603,2,1
2012215608,2,1
2012215611,1,1
2012215612,2,1
2012215614,1,1
2012215615,1,1
2012215617,3,1
2012215619,3,1
2012215622,2,1
2012215623,2,1
2012215624,2,1
2012215625,3,1
2012215630,3,1
2012215634,2,1
2012215635,2,1
2012215636,1,1
2012215638,1,1
2012215640,1,1
2012215642,1,1
2012215643,2,1
2012215644,2,1
2012215645,2,1
2012215648,1,1
2012215649,2,1
2012215651,2,1
2012215656,1,1
2012215657,2,1
2012215659,2,1
2012215661,2,1
2012215662,2,1
2012215665,2,1
2012215666,2,1
2012215669,2,1
2012215670,2,1
2012215673,2,1
2012215675,3,1
2012215679,1,1
2012215680,2,1
2012215681,2,1
2012215683,2,1
2012215687,2,1
2012215688,3,1
2012215689,3,1
2012215690,1,1
2012215693,1,1
2012215698,2,1
2012215701,3,1
2012215706,1,1
2012215707,3,1
2012215708,2,1
2012215709,2,1
2012215710,1,1
2012215711,3,1
2012215712,2,1
2012215713,2,1
2012215714,2,1
2012215715,1,1
2012215726,1,1
2012215734,1,1
2012215744,1,1
2012215745,2,1
2012215746,1,1
2012215747,2,1
2012215748,2,1
2012215749,3,1
2012215750,3,1
2012215751,1,1
2012215752,1,1
2012215760,2,1
2012215761,3,1
2012215762,3,1
2012215765,3,1
2012215766,2,1
2012215771,1,1
2012215773,2,1
2012215775,1,1
2012215777,2,1
2012215778,2,1
2012215781,2,1
2012215785,1,1
2012215790,1,1
2012215791,2,1
2012215794,2,1
2012215796,1,1
2012215797,2,1
2012215801,3,1
2012215802,2,1
2012215803,3,1
2012215804,2,1
2012215806,2,1
2012215808,1,1
2012215809,2,1
2012215810,1,1
2012215813,1,1
2012215814,2,1
2012215817,1,1
2012215818,1,1
2012215819,1,1
2012215824,2,1
2012215829,3,1
2012215831,3,1
2012215833,3,1
2012215835,2,1
2012215839,1,1
2012215845,3,1
2012215848,2,1
2012215849,2,1
2012215852,2,1
2012215853,3,1
2012215857,3,1
2012215861,2,1
2012215864,3,1
2012215866,1,1
2012215868,1,1
2012215871,2,1
2012215872,1,1
2012215873,1,1
2012215877,2,1
2012215878,1,1
2012215879,1,1
2012215881,2,1
2012215885,1,1
2012215886,2,1
2012215887,1,1
2012215890,1,1
2012215898,2,1
2012215900,1,1
2012215902,3,1
2012215903,1,1
2012215907,3,1
2012215909,3,1
2012215910,1,1
2012215911,1,1
2012215912,2,1
2012215914,2,1
2012215915,1,1
2012215916,1,1
2012215919,1,1
2012215921,1,1
2012215925,1,1
2012215926,2,1
2012215927,3,1
2012215928,3,1
2012215931,1,1
2012215932,1,1
2012215933,2,1
2012215937,1,1
2012215941,2,1
2012215943,1,1
2012215944,1,1
2012215945,1,1
2012215946,1,1
2012215947,2,1
2012215948,1,1
2012215953,1,1
2012215955,2,1
2012215956,1,1
2012215959,1,1
2012215962,1,1
2012215964,3,1
2012215965,1,1
2012215966,3,1
2012215968,3,1
2012215969,2,1
2012215970,2,1
2012215971,1,1
2012215976,1,1
2012215977,1,1
2012215978,2,1
2012215982,1,1
2012215983,1,1
2012215984,2,1
2012215986,1,1
2012215987,1,1
2012215989,3,1
2012215990,1,1
2012215993,2,1
2012215994,2,1
2012215997,2,1
2012215998,3,1
2012215999,1,1
2012216004,2,1
2012216005,1,1
2012216006,1,1
2012216007,2,1
2012216008,2,1
2012216009,2,1
2012216010,2,1
2012216011,1,1
2012216012,1,1
2012216015,2,1
2012216016,3,1
2012216019,1,1
2012216020,2,1
2012216022,3,1
2012216024,1,1
2012216027,3,1
2012216029,1,1
2012216030,1,1
2012216033,2,1
2012216035,1,1
2012216037,1,1
2012216038,2,1
2012216040,1,1
2012216042,1,1
2012216043,1,1
2012216045,3,1
2012216047,3,1
2012216049,1,1
2012216058,3,1
2012216063,3,1
2012216064,1,1
2012216066,1,1
2012216069,2,1
2012216070,2,1
2012216071,1,1
2012216083,1,1
2012216089,1,1
2012216091,2,1
2012216094,1,1
2012216095,2,1
2012223174,1,1
2012420000000,1,1
